HOME_STATE_DON,DR HOME STATE,DDR/LDR,Y,01-Oct-87,,DONOR INFORMATION,CHAR,CHAR,ZZ,ZZ,DR HOME STATE,,,,,,,
PERM_STATE,RECIPIENT STATE OF RESIDENCY  @ REGISTRATION,TCR,Y,01-Oct-97,,CANDIDATE INFORMATION,CHAR,CHAR,ZZ,ZZ,TCR STATE OF RESIDENCY,,,,,,,
PERM_STATE_TRR,RECIPIENT STATE OF RESIDENCY  @ TRANSPLANT,TRR,N,30-Jun-04,,CANDIDATE INFORMATION,CHAR,CHAR,ZZ,ZZ,TRR STATE OF RESIDENCY,,,,,,,
VAD_BRAND2_OSTXT_TCR,CANDIDATE TEXT OF VAD BRAND 2 AT LISTING,TCR,Y,30-Jun-04,,CANDIDATE INFORMATION,CHAR,CHAR,unknown/unsure of brand,UNKNOWN; UNSURE OF BRAND,TCR RVAD BRAND: OTHER SPECIFIED,,,,,,,
VAD_TAH_OSTXT_TCR,"CANDIDATE ON LIFE SUPPORT - VAD/TAH @ REGISTRATION, OTHER SPECIFY",TCR,Y,1-Apr-94,30-Jun-04,CANDIDATE INFORMATION,CHAR,CHAR,"Unknown, Unknown Type","UNKNOWN; BIVAD, UNKNOWN TYPE",TCR TAH: OTHER SPECIFY,,,,,,,
VAD_BRAND2_OSTXT_TRR,TRR LIFE SUPPORT VAD BRAND 2 OTHER SPECIFED TEXT,TRR,N,30-Jun-04,,PATIENT STATUS,CHAR,CHAR,Unknown,UNKNOWN,TRR VAD BRAND 2 TEXT,,,,,,,
ABO_DON,DONOR BLOOD TYPE,DDR/LDR,Y,01-Oct-87,,DONOR INFORMATION,CHAR,CHAR,Unk,UNK,DR BLOOD TYPE,,,,,,,
DIAL_PRIOR_TX,Calculated: Ever Dialysis Prior Tx?,CALCULATED,Y,,,,CHAR,CHAR,U,U,Calculated: Ever Dialysis Prior Tx?,,,,,,,
MALIG,ANY PREVIOUS MALIGNANCY?,CALCULATED,Y,,,,CHAR,CHAR,U,U,CALCULATED: ANY PREVIOUS MALIGNANCY?,,,,,,,
ALCOHOL_HEAVY_DON,Heavy Alcohol Use (heavy=2+ drinks/day),DDR,Y,30-Jun-04,,LIFESTYLE FACTORS,CHAR,CHAR,U,U,DDR HEAVY ALCOHOL USE (Y/N/U),,,,,,,
ANTIHYPE_DON,DECEASED DONOR-ANTIHYPERTENSIVES W/IN 24 HRS PRE-CROSS CLAMP,DDR,Y,01-Apr-94,,CLINICAL INFORMATION,CHAR,CHAR,U,U,DDR ANTIHYPERTENSIVES PRE-CROSS CLAMP,,,,,,,
ARGININE_DON,DECEASED DONOR-WAS DONOR GIVEN ARGININE VASOPRESSIN WITHIN 24 HRS PRE CROSS CLAMP?,DDR,Y,30-Jun-04,,CLINICAL INFORMATION,CHAR,CHAR,U,U,DDR:Arginine Vasopressin:,,,,,,,
CLIN_INFECT_DON,"DECEASED DONOR-CLINICAL INFECTION (Y,N)",DDR,Y,01-Apr-94,,CLINICAL INFORMATION,CHAR,CHAR,U,U,DDR ANY CLINICAL INFECTION,,,,,,,
CONTIN_ALCOHOL_OLD_DON,DECEASED DONOR-HISTORY OF ALCOHOL DEPENDENCY+ RECENT 6MO USE,DDR,Y,01-Apr-94,30-Jun-04,DONOR HISTORY,CHAR,CHAR,U,U,"ARCHIVED DDR CONTIN ALCOHOL (Y,N,U)",,,,,,,
CONTIN_CIG_DON,DECEASED DONOR-HISTORY OF CIGARETTES IN PAST@ >20PACK YRS+RECENT 6MO USE,DDR,Y,01-Apr-94,,DONOR HISTORY,CHAR,CHAR,U,U,DDR CONTINUED CIGARETTE USE,,,,,,,
CONTIN_COCAINE_DON,DECEASED DONOR-HISTORY OF COCAINE USE+RECENT 6MO USE,DDR,Y,25-Oct-99,,DONOR HISTORY,CHAR,CHAR,U,U,DDR COCAINE USE IN LAST 6 MONTHS (Y/N),,,,,,,
CONTIN_IV_DRUG_OLD_DON,DECEASED DONOR-HISTORY OF IV DRUG USE+RECENT 6MO USE,DDR,Y,01-Apr-94,29-Jun-04,DONOR HISTORY,CHAR,CHAR,U,U,DDR CONTINUE IV DRUG USE,,,,,,,
CONTIN_OTH_DRUG_DON,DECEASED DONOR-HISTORY OF OTHER DRUGS IN PAST+RECENT 6MO USE,DDR,Y,01-Apr-94,,DONOR HISTORY,CHAR,CHAR,U,U,DDR CONTINUED OTHER DRUG USE,,,,,,,
DANTIARR_OLD,DECEASED DONOR GIVEN ANTIARRYTHMICS 24 HOURS PRIOR TO CROSS CLAMP,DDR,Y,01-Apr-94,25-Oct-99,,CHAR,CHAR,U,U,DR DONOR GIVEN ANTIARRYTHMICS,,,,,,,
DDAVP_DON,DECEASED DONOR-SYNTHETIC ANTI DIURETIC HORMONE (DDAVP),DDR,Y,25-Oct-99,,CLINICAL INFORMATION,CHAR,CHAR,U,U,DDR DONOR GIVEN SYNTHETIC ANTI DIURETIC HORMONE (DDAVP),,,,,,,
DIET_DON,DECEASED DONOR-HYPERTENSION DIET CONTROLLED,DDR,Y,01-Apr-94,,DONOR HISTORY,CHAR,CHAR,U,U,DDR HYPERTENSION DIET,,,,,,,
DIURETICS_DON,DECEASED DONOR-HYPERTENSION DIURETIC CONTROLLED,DDR,Y,01-Apr-94,,DONOR HISTORY,CHAR,CHAR,U,U,DDR HYPERTENSION DIURETICS,,,,,,,
DOBUT_DON_OLD,DECEASED DONOR-DOBUTAMINE W/IN 24 HRS PRE-CROSS CLAMP,DDR,Y,01-Apr-94,27-Jan-03,CLINICAL INFORMATION,CHAR,CHAR,U,U,DDR DOBUTAMINE PRIOR TO CROSS CLAMP,,,,,,,
DOPAMINE_DON_OLD,DECEASED DONOR-DOPAMINE W/IN 24 HRS PRE-CROSS CLAMP,DDR,Y,01-Apr-94,27-Jan-03,CLINICAL INFORMATION,CHAR,CHAR,U,U,DDR DOPAMINE PRIOR TO CROSS CLAMP,,,,,,,
EXTRACRANIAL_CANCER_DON,DECEASED DONOR-EXTRACANIAL CANCER AT PROCUREMENT,DDR,Y,01-Apr-94,,DONOR HISTORY,CHAR,CHAR,U,U,DDR EXTRACANIAL CANCER AT PROCUREMENT,,,,,,,
HIST_ALCOHOL_OLD_DON,DECEASED DONOR-HISTORY OF ALCOHOL DEPENDENCY,DDR,Y,01-Apr-94,29-Jun-04,DONOR HISTORY,CHAR,CHAR,U,U,DDR HISTORY OF ALCOHOL DEPENDENCY,,,,,,,
HIST_CANCER_DON,DECEASED DONOR-HISTORY OF CANCER (Y/N),DDR,Y,01-Apr-94,,DONOR HISTORY,CHAR,CHAR,U,U,DDR HISTORY OF CANCER (Y/N),,,,,,,
HIST_CIG_DON,DECEASED DONOR-HISTORY OF CIGARETTES IN PAST @ >20PACK YRS,DDR,Y,01-Apr-94,,DONOR HISTORY,CHAR,CHAR,U,U,DDR HISTORY OF CIGARETTE USE,,,,,,,
HIST_COCAINE_DON,DECEASED DONOR-HISTORY OF COCAINE USE IN PAST,DDR,Y,25-Oct-99,,DONOR HISTORY,CHAR,CHAR,U,U,DDR HISTORY OF COCAINE (Y/N),,,,,,,
HIST_DIABETES_DON,"DECEASED DONOR-HISTORY OF DIABETES, INCL. DURATION OF DISEASE",DDR,Y,01-Apr-94,,DONOR HISTORY,NUM,CHAR,U,U,DDR HISTORY OF DIABETES,Durration- num and history is catagorical,,,,,,
HIST_HYPERTENS_DON,DECEASED DONOR-HISTORY OF HYPERTENSION,DDR,Y,01-Apr-94,,DONOR HISTORY,CHAR,CHAR,U,U,DDR HISTORY OF HYPERTENSION,,,,,,,
HIST_INSULIN_DEP_DON,"DECEASED DONOR-INSULIN DEPENDENT DIABETES (Y,N)",DDR,Y,01-Apr-94,,DONOR HISTORY,CHAR,CHAR,U,U,DDR INSULIN DEPENDENT (Y/N),"UNROLLED FROM INSULIN_DUR_DON TO INCLUDE ONLY THE Y,N RESPONSE",,,,,,
HIST_IV_DRUG_OLD_DON,DECEASED DONOR-HISTORY OF IV DRUG USE IN PAST,DDR,Y,01-Apr-94,29-Jun-04,DONOR HISTORY,CHAR,CHAR,U,U,DDR HISTORY OF IV DRUG USE,,,,,,,
HIST_OTH_DRUG_DON,DECEASED DONOR-HISTORY OF OTHER DRUG USE IN PAST,DDR,Y,01-Apr-94,,DONOR HISTORY,CHAR,CHAR,U,U,DDR HISTORY OF OTHER DRUG USE (Y/N),,,,,,,
INTRACRANIAL_CANCER_DON,DECEASED DONOR-INTRACANIAL CANCER AT PROCUREMENT,DDR,Y,01-Apr-94,,DONOR HISTORY,CHAR,CHAR,U,U,DDR INTRACANIAL CANCER AT PROCUREMENT,,,,,,,
OTHER_HYPERTENS_MED_DON,DECEASED DONOR-HYPERTENSION CONTROLLED BY NON-DIURETIC MEDS,DDR,Y,01-Apr-94,,DONOR HISTORY,CHAR,CHAR,U,U,DDR HYPERTENSIVE MEDS-NOT DIURETIC,,,,,,,
PRETREAT_MED_DON_OLD,DECEASED DONOR PRE-RECOVERY MEDICATION(S) FROM BRAIN DEATH TO 24 HRS PRIOR TO PROCUREMENT,DDR,Y,01-Apr-94,27-Jan-03,CLINICAL INFORMATION,CHAR,CHAR,U,U,DDR PRERECOVERY MEDICATION (Y/N),,,,,,,
PT_DIURETICS_DON,DECEASED DONOR-DIURETICS B/N BRAIN DEATH W/IN 24 HRS OF PROCUREMENT,DDR,Y,01-Apr-94,,CLINICAL INFORMATION,CHAR,CHAR,U,U,DDR PRERECOVERY DIURETICS,,,,,,,
PT_STEROIDS_DON,DECEASED DONOR-STEROIDS B/N BRAIN DEATH W/IN 24 HRS OF PROCUREMENT,DDR,Y,01-Apr-94,,CLINICAL INFORMATION,CHAR,CHAR,U,U,DDR PRERECOVERY STEROIDS,,,,,,,
PT_T3_DON,DECEASED DONOR-TRIIODOTHYRONINE-T3 B/N BRAIN DEATH W/IN 24 HRS OF PROCUREMENT,DDR,Y,25-Oct-99,,CLINICAL INFORMATION,CHAR,CHAR,U,U,DDR PRERECOVERY TRIIODOTHYRONINE-T3,,,,,,,
PT_T4_DON,DECEASED DONOR-THYROXINE-T4 B/N BRAIN DEATH W/IN 24 HRS OF PROCUREMENT,DDR,Y,01-Apr-94,,CLINICAL INFORMATION,CHAR,CHAR,U,U,DDR PRERECOVERY THYROXINE-T4,,,,,,,
SKIN_CANCER_DON,DECEASED DONOR-SKIN CANCER AT PROCUREMENT (Y/N),DDR,Y,01-Apr-94,,DONOR HISTORY,CHAR,CHAR,U,U,DDR SKIN CANCER AT PROCUREMENT (Y/N),,,,,,,
VASODIL_DON,DECEASED DONOR-VASODILATORS W/IN 24HRS PRE-CROSS CLAMP,DDR,Y,01-Apr-94,,CLINICAL INFORMATION,CHAR,CHAR,U,U,DDR VASODILATORS PRE CROSS CLAMP,,,,,,,
HEPARIN_DON,DECEASED DONOR MANAGEMENT - HEPARIN (NO COLLECTION BETWEEN 10/25/99 - 1/27/03),DDR ,Y,01-Apr-94,,CLINICAL INFORMATION,CHAR,CHAR,U,U,DDR PRERECOVERY HEPARIN :NOT COLLECTED 10/25/99-1/25/03,,,,,,,
CMV_TEST_DON,LIV DONOR CMV TESTED?,LDR,Y,01-Oct-90,,,CHAR,CHAR,U,U,"LDR CMV TESTED (Y,N,U)",,,,,,,
EBV_TEST_DON,LIVING DONOR EPSTEIN BARR VIRUS TESTED?,LDR,Y,01-Apr-94,,CLINICAL INFORMATION - SEROLOGY,CHAR,CHAR,U,U,"LDR EBV TESTED (Y,N,U)",,,,,,,
HBV_TEST_DON,LIVING DONOR HBV TEST DONE,LDR,Y,01-Apr-94,,,CHAR,CHAR,U,U,"LDR HBV TESTED (Y,N,U)",,,,,,,
HCV_TEST_DON,LIVING DONOR HEP C TEST DONE?,LDR,N,01-Apr-94,,,CHAR,CHAR,U,U,"LDR HCV TESTED (Y,N,U)",,,,,,,
CONTIN_CIG_OLD,CIGARETTE USE > 10 PACK YRS AND CONINUED USE DURING LAST SIX MONTHS,TCR,Y,25-Oct-99,30-Jun-04,HEART/LUNG MEDICAL FACTORS,CHAR,CHAR,U,U,TCR CIGARETTE USE > 10 PACK YRS AND CONTINUED USE DURING LAST 6 MONTHS AT LISTING (PRE 6/30/2004),,,,,,,
CREAT2_OLD,MOST RECENT CREATININE > 2.0 MG/DL Y/N (ONLY COLLECTED 04/01/1994 TO 10/25/1999),TCR,Y,01-Apr-94,25-Oct-99,,CHAR,CHAR,U,U,CREATIN GREATER THAN 2-OLD TCR,,,,,,,
HISTRY_CIG_OLD,CIGARETTE USE > 20 PACK YRS (PRE-10/25/99),TCR,Y,01-Apr-94,25-Oct-99,HEART/LUNG MEDICAL FACTORS,CHAR,CHAR,U,U,TCR CIGARETTED USE > 20 PACK YRS (PRE 10/25/99),,,,,,,
LEFT_VENT_REMODEL_OLD,LEFT VENTRICULAR REMODELING OCCURRING BEFORE LISTING,TCR,Y,25-Oct-99,30-Jun-04,CLINICAL INFORMATION,CHAR,CHAR,U,U,TCR LEFT VENTRICULAR REMODELING PRIOR TO LISTING,,,,,,,
PNEUMORED_OLD,CANDIDATE PNEUMOREDUCTION PRIOR TO LISTING,TCR,Y,,30-Jun-04,HEART/LUNG MEDICAL FACTORS,CHAR,CHAR,U,U,TCR PNEUOREDUCTION PRIOR TO LISTING (PRE 6/30/2004),,,,,,,
PNEUMOTHORAX_OLD,CANDIDATE PNEUMOTHORAZ PRIOR TO LISTING,TCR,Y,,30-Jun-04,HEART/LUNG MEDICAL FACTORS,CHAR,CHAR,U,U,TCR PNEUMOTHORAX PRIOR TO LISTING (PRE 6/30/2004),,,,,,,
THORACOT_LT_OLD,CANDIDATE THORACOTOMY LEFT AT LISTING,TCR,Y,,30-Jun-04,HEART/LUNG MEDICAL FACTORS,CHAR,CHAR,U,U,TCR THORACOTOMY LEFT AT LISTING (PRE 6/30/2004),,,,,,,
THORACOT_RT_OLD,CANDIDATE THORACOTOMY RIGHT AT LISTING,TCR,Y,,30-Jun-04,HEART/LUNG MEDICAL FACTORS,CHAR,CHAR,U,U,TCR THORACOTOMY RIGHT AT LISTING (PRE 6/30/2004),,,,,,,
DIAL_AFTER_LIST,DIALYSIS OCCURRING BETWEEN LISTING AND TRANSPLANT,TRR,N,01-Apr-94,,PRETRANSPLANT CLINICAL INFORMATION,CHAR,CHAR,U,U,TRR PRE-TRANSPLANT DIALYSIS - SINCE LISTING,,,,,,,
ECMO_72HOURS,Recipient ECMO at 72 Hours,TRR,N,31-Mar-15,,CLINICAL INFORMATION,CHAR,CHAR,U,U,TRR ECMO at 72 Hours,,,,,,,
INFECT_IV_DRUG_TRR,INFECTION REQUIRING IV DRUG THERAPY (WITHIN 2 WEEKS PRIOR TO TRANSPLANT),TRR,N,01-Apr-94,,PRETRANSPLANT CLINICAL INFORMATION,CHAR,CHAR,U,U,TRR INFECTION: IV DRUG THERAPY - SINCE LISTING,,,,,,,
INHALEDNO_72HOURS,Recipient Inhaled NO at 72 Hours,TRR,N,31-Mar-15,,CLINICAL INFORMATION,CHAR,CHAR,U,U,TRR Inhaled NO at 72 Hours,,,,,,,
INTUBATED_72HOURS,Recipient Intubated at 72 Hours,TRR,N,31-Mar-15,,CLINICAL INFORMATION,CHAR,CHAR,U,U,TRR Intubated at 72 Hours,,,,,,,
MALIG_TRR,RECIPIENT ANY KNOWN MALIGNANCIES SINCE LISTING  @ TRANSPLANT,TRR,N,25-Oct-99,31-Mar-15,PRETRANSPLANT CLINICAL INFORMATION,CHAR,CHAR,U,U,TRR ANY KNOW MALIGNANCY SINCE LISTING: PRE 3/31/2015,,,,,,,
PRIOR_CARD_SURG_TRR,TRR CARDIAC SURGERY BETWEEN LISTING AND TRANSPLANT (NON-TRANSPLANT),TRR,Y,30-Jun-04,,PRETRANSPLANT CLINICAL INFORMATION,CHAR,CHAR,U,U,TRR CARDIAC SURGERY BETWEEN LISTING AND TRANSPLANT (NON-TRANSPLANT),,,,,,,
PRIOR_LUNG_SURG_TRR,TRR LUNG SURGERY BETWEEN LISTING AND TRANSPLANT (NON-TRANSPLANT),TRR,Y,25-Oct-99,,PRETRANSPLANT CLINICAL INFORMATION,CHAR,CHAR,U,U,TRR LUNG SURGERY BETWEEN LISTING AND TRANSPLANT (NON-TRANSPLANT),,,,,,,
PST_AIRWAY,EVENTS PRIOR TO DISCHARGE: AIRWAY DEHISCENCE,TRR,N,01-Apr-94,,POST TRANSPLANT CLINICAL INFORMATION,CHAR,CHAR,U,U,TRR AIRWAY DEHISCENCE - POST TRANSPLANT,,,,,,,
PST_DIAL,EVENTS PRIOR TO DISCHARGE: DIALYSIS,TRR,N,01-Apr-94,,POST TRANSPLANT CLINICAL INFORMATION,CHAR,CHAR,U,U,TRR DIALYSIS - POST TRANSPLANT,,,,,,,
PST_PACEMAKER,EVENTS PRIOR TO DISCHARGE: PERMANENT PACEMAKER,TRR,N,01-Apr-94,,POST TRANSPLANT CLINICAL INFORMATION,CHAR,CHAR,U,U,TRR PERMANENT PACEMAKER - POST TRANSPLANT,,,,,,,
PST_STROKE,EVENTS PRIOR TO DISCHARGE: STROKE,TRR,N,01-Apr-94,,POST TRANSPLANT CLINICAL INFORMATION,CHAR,CHAR,U,U,TRR STOKE - POST TRANSPLANT,,,,,,,
REINTUBATED,RECIPIENT REINTUBATED POST TRANSPLANT,TRR,N,30-Jun-04,,POST TRANSPLANT CLINICAL INFORMATION,CHAR,CHAR,U,U,TRR Reintubated,,,,,,,
STEROID,CHRONIC STEROID USE Y/N/U @ TRANSPLANT,TRR,N,01-Apr-94,,PRETRANSPLANT CLINICAL INFORMATION,CHAR,CHAR,U,U,TRR CHRONIC STEROID USE,,,,,,,
TRANSFUSIONS,EVENTS OCCURRING BETWEEN LISTING AND TRANSPLANT: TRANSFUSIONS Y/N/U,TRR,Y,01-Apr-94,,PRETRANSPLANT CLINICAL INFORMATION,CHAR,CHAR,U,U,TRR TRANSFUSIONS - SINCE LISTING,,,,,,,
WORK_INCOME_TRR,RECIPIENT WORK FOR INCOME AT TRANSPLANT?,TRR,N,30-Jun-04,,PATIENT STATUS,CHAR,CHAR,U,U,TRR WORKING FOR INCOME,,,,,,,
VENT_SUPPORT_TRR,TRR EPISODE OF VENTILATORY SUPPORT,,N,,,,CHAR,CHAR,U,U,TRR EPISODE OF VENTILATORY SUPPORT,,,,,,,
EBV_SEROSTATUS,RECIPIENT EBV STATUS @ TRANSPLANT,CALCULATED,Y,,,,CHAR,CHAR,"ND, U",ND; U,EBV_SEROSTATUS,,,,,,,
CMV_IGG_DON,LIVING DONOR-CMV BY IGG TEST RESULT,LDR,Y,25-Oct-99,,CLINICAL INFORMATION,CHAR,CHAR,"ND, U",ND; U,LDR CMV IGG,,,,,,,
CMV_IGM_DON,LIVING DONOR-CMV BY IGM TEST RESULT,LDR,Y,25-Oct-99,,CLINICAL INFORMATION,CHAR,CHAR,"ND, U",ND; U,LDR CMV IGM,,,,,,,
CMV_NUCLEIC_DON,DONOR CMV BY NUCLEIC ACID,LDR,Y,01-Apr-94,,,CHAR,CHAR,"ND, U",ND; U,"LDR CMV NUCLEIC ACID (P,N,ND,U)",,,,,,,
EBV_DNA_DON,LIVING DONOR EPSTEIN BARR VIRUS DNA,LDR,Y,25-Oct-99,,CLINICAL INFORMATION - SEROLOGY,CHAR,CHAR,"ND, U",ND; U,LDR EPSTEIN BARR VIRUS BY DNA,,,,,,,
EBV_IGG_DON,LIVING DONOR EPSTEIN BARR VIRUS IGG,LDR,Y,25-Oct-99,,CLINICAL INFORMATION - SEROLOGY,CHAR,CHAR,"ND, U",ND; U,LDR EPSTEIN BARR VIRUS BY IGG,,,,,,,
EBV_IGM_DON,LIVING DONOR EPSTEIN BARR VIRUS IGM,LDR,Y,25-Oct-99,,CLINICAL INFORMATION - SEROLOGY,CHAR,CHAR,"ND, U",ND; U,LDR EPSTEIN BARR VIRUS BY IGM,,,,,,,
HCV_ANTIBODY_DON,LIVING DONOR HEP C ANTIBODY,LDR,N,01-Apr-94,,,CHAR,CHAR,"ND, U",ND; U,"LDR HCV ANTIBODY (P,N,ND,U)",,,,,,,
HCV_RIBA_DON,LIVING DONOR HEP C-RIBA TEST,LDR,N,01-Apr-94,,,CHAR,CHAR,"ND, U",ND; U,"LDR HCV RIBA (P,N,ND,U)",,,,,,,
ADMISSION_DATE,RECIPIENT DATE OF ADMISSION TO TX CENTER,TRR,D,25-Oct-99,,PATIENT STATUS,NUM,D,"ND, U",ND; U,TRR DATE OF ADMISSION TO TX CENTER,,,,,,,
CMV_IGG,RECIPIENT-CMV BY IGG TEST RESULT  @ TRANSPLANT,TRR,N,25-Oct-99,31-Mar-15,PRETRANSPLANT CLINICAL INFORMATION,CHAR,CHAR,"ND, u",ND; U,TRR CMV BY IGG: PRE 3/31/2015,,,,,,,
CMV_STATUS,RECIPIENT CMV Status @ TRANSPLANT,TRR,N,31-Mar-15,,CLINICAL INFORMATION,CHAR,CHAR,"ND, U",ND; U,TRR CMV Status,,,,,,,
HBV_CORE,RECIPIENT HEPATITIS B-CORE ANTIBODY,TRR,N,01-Oct-87,,,CHAR,CHAR,"ND, U",ND; U,RECIPIENT HEPATITIS B-CORE ANTIBODY,,,,,,,
HBV_SUR_ANTIGEN,RECIPIENT HEP B SURFACE ANTIGEN,TRR,N,01-Oct-87,,,CHAR,CHAR,"ND, U",ND; U,TRR HEP B SURFACE ANTIGEN,,,,,,,
HBV_SURF_TOTAL,RECIPIENT HBV Surface Antibody Total @ TRANSPLANT,TRR,Y,31-Mar-15,,CLINICAL INFORMATION,CHAR,CHAR,"ND, U",ND; U,TRR HBV Surface Antibody Total,,,,,,,
HCV_SEROSTATUS,RECIPIENT HEP C STATUS,TRR,N,01-Apr-94,,,CHAR,CHAR,"ND, U",ND; U,HCV_SEROSTATUS,,,,,,,
HIV_SEROSTATUS,RECIPIENT HIV SEROSTATUS AT TRANSPLANT,TRR,Y,01-Oct-87,,CLINICAL INFORMATION,CHAR,CHAR,"ND, U",ND; U,TRR HIV SEROSTATUS:,,,,,,,
CMV_DON,"DONOR SEROLOGY ANTI CMV (FOR LIVING DONOR, PRE UNET DATA ONLY)",CDR/LDR,Y,"01-Oct-87, 01-Oct-90",,CLINICAL INFORMATION,CHAR,CHAR,"C, ND, U (I= indeterminate)",C; ND; U; I,DONOR SEROLOGY ANTI CMV ,DECEASED DONORS: 10/1/87-PRESENT; LIVING DONORS 10/1/90-10/25/99,,,,,,
HTLV1_OLD_DON,DECEASED DONOR-ANTIBODY TO HTLV I RESULT,DDR,Y,01-Apr-94,29-Jun-04,CLINICAL INFORMATION,CHAR,CHAR,"C, ND, U (I= indeterminate)",C; ND; U; I,DDR SEROLOGY ANTI HTLV I,,,,,,,
HTLV2_OLD_DON,DECEASED DONOR-ANTIBODY TO HTLV II RESULT,DDR,Y,01-Apr-94,,CLINICAL INFORMATION,CHAR,CHAR,"C, ND, U (I= indeterminate)",C; ND; U; I,DDR SEROLOGY ANTI HTLV II,,,,,,,
EDUCATION,RECIPIENT HIGHEST EDUCATIONAL LEVEL @ REGISTRATION,TCR,Y,01-Apr-94,,CANDIDATE INFORMATION,NUM,CHAR,996 and 998,996; 998,TCR HIGHEST EDUCATIONAL LEVEL,Check to see if this matters,,,,,,
VAD_BRAND1_TCR,CANDIDATE VAD BRAND 1 AT LISTING,TCR,Y,30-Jun-04,,CANDIDATE INFORMATION,NUM,CHAR,999,,TCR LVAD BRAND,,,,,,,
VAD_BRAND2_TCR,CANDIDATE VAD BRAND 2 AT LISTING,TCR,Y,30-Jun-04,,CANDIDATE INFORMATION,NUM,CHAR,999,,TCR RVAD BRAND,,,,,,,
VAD_BRAND1_TRR,TRR LIFE SUPPORT VAD BRAND 1,TRR,N,30-Jun-04,,PATIENT STATUS,NUM,CHAR,999,,TRR VAD BRAND 1,,,,,,,
VAD_BRAND2_TRR,TRR LIFE SUPPORT VAD BRAND 2,TRR,N,30-Jun-04,,PATIENT STATUS,NUM,CHAR,999,,TRR VAD BRAND 2 ,,,,,,,
STERNOTOMY_TCR,EVENTS OCCURRING PRIOR TO LISTING: STERNOTOMY,TCR,Y,25-Oct-99,30-Jun-04,CLINICAL INFORMATION,NUM,CHAR,998,998,TCR Sternotomy Number Prior to Listing (Pre 6/30/2004),,,,,,,
COD,RECIPIENT PRIMARY CAUSE OF DEATH,TRF/TRR,D,01-Oct-87,,PATIENT STATUS,NUM,CHAR,998 (999 is other specify),998; 999,TRR/TRF PRIMARY CAUSE OF DEATH,,,,,,,
COD2,RECIPIENT CONTRIBUTORY CAUSE OF DEATH 1,TRF/TRR,D,30-Jun-04,,PATIENT STATUS,NUM,CHAR,998 (999 is other specify),998; 999,TRR/TRF CONTRIBUTARY CAUSE OF DEATH:1,,,,,,,
COD3,RECIPIENT CONTRIBUTORY CAUSE OF DEATH 2,TRF/TRR,D,30-Jun-04,,PATIENT STATUS,NUM,CHAR,998 (999 is other specify),998; 999,TRR/TRF CONTRIBUTARY CAUSE OF DEATH:2,,,,,,,
STERNOTOMY_TRR,EVENTS OCCURRING BETWEEN LISTING AND TRANSPLANT: STERNOTOMY,TRR,Y,25-Oct-99,,PRETRANSPLANT CLINICAL INFORMATION,NUM,CHAR,998,998,TRR STERNOTOMY - SINCE LISTING,10/01/1990-04/01/1994: NO EXPLICIT INSTRUCTIONS ABOUT TIME FRAME,,,,,,
INOTROP_SUPPORT_DON,DECEASED DONOR INOTROPIC MEDICATION AT PROCUREMENT (Y/N),DDR,Y,27-Jan-03,,CLINICAL INFORMATION,CHAR,CHAR,0,998,DDR INOTROPIC MEDICATION AT PROCUREMENT,"For Heart, this field was collected since 10/25/1999.",,,,,,
ABO_MAT,DONOR-RECIPIENT ABO MATCH LEVEL,CALCULATED,Y,,,,CHAR,CHAR,,,DONOR-RECIPIENT ABO MATCH LEVEL,,,,,,,
AGE_GROUP,RECIPIENT AGE GROUP A=ADULT P=PEDS,CALCULATED,Y,,,,CHAR,CHAR,,,,,,,,,,
AMIS,A LOCUS MISMATCH LEVEL,CALCULATED,Y,,,,NUM,NUM,,,A LOCUS MISMATCH LEVEL,,,,,,,
BMI_CALC,Calculated Recipient BMI,CALCULATED,Y,,,,NUM,NUM,,,Calculated Recipient BMI,,,,,,,
BMI_DON_CALC,Donor BMI - Pre/At Donation Calculated,CALCULATED,Y,,,,NUM,NUM,,,Calculated Donor BMI,,,,,,,
BMIS,B LOCUS MISMATCH LEVEL,CALCULATED,Y,,,,NUM,CHAR,,,B LOCUS MISMATCH LEVEL,,,,,,,
CALC_LAS_LISTDATE,Candidate Final Calculated Lung Allocation Score on Date of Listing,CALCULATED,Y,,,,NUM,NUM,,,Last Calculated Lung Allocation Score at Listing,"Candidates are sometimes registered on Waitlist with some information used to calculate LAS missing or not reported to begin accruing waiting time and being able to receive offers, and then the missing information is reported over the next few hours. Because of this, we created this field to hold the final LAS value calculated for the candidate on the date of listing, after the listing center has had time to report all of the candidate’s medical factors.",,,,,,
CTR_CODE,ENCRYPTED TRANSPLANT CENTER CODE,CALCULATED,Y,,,,CHAR,CHAR,,,,,,,,,,
DA1,DONOR A1 ANTIGEN,CALCULATED,Y,01-Oct-87,,DONOR CENTER HISTOCOMPATIBILITY TYPING,NUM,CHAR,,,COMPUTED DONOR A1 ANTIGEN,,,,,,,
DA2,DONOR A2 ANTIGEN,CALCULATED,Y,01-Oct-87,,DONOR CENTER HISTOCOMPATIBILITY TYPING,NUM,CHAR,,,COMPUTED DONOR A2 ANTIGEN,,,,,,,
DATA_TRANSPLANT,Recipient TRR Data Reported,CALCULATED,D,,,,CHAR,CHAR,,,RECIPIENT TRR DATA REPORTED,,,,,,,
DATA_WAITLIST,Candidate WL Data Reported,CALCULATED,D,,,,CHAR,CHAR,,,CANDIDATE WL DATA REPORTED,,,,,,,
DAYS_STAT1,DAYS IN STATUS 1,CALCULATED,Y,,,situation in waiting list,NUM,NUM,,,DAYS IN STATUS 1,,,,,,,
DAYS_STAT1A,DAYS IN STATUS 1A,CALCULATED,Y,,,situation in waiting list,NUM,NUM,,,DAYS IN STATUS 1A,,,,,,,
DAYS_STAT1B,DAYS IN STATUS 1B,CALCULATED,Y,,,situation in waiting list,NUM,NUM,,,DAYS IN STATUS 1B,,,,,,,
DAYS_STAT2,DAYS IN STATUS 2,CALCULATED,Y,,,situation in waiting list,NUM,NUM,,,DAYS IN STATUS 2,,,,,,,
DAYSWAIT_CHRON,TOTAL DAYS ON WAITING LIST,CALCULATED,Y,,,,NUM,NUM,,,DAYS ON WAITING LIST,,,,,,,
DB1,DONOR B1 ANTIGEN,CALCULATED,Y,01-Oct-87,,DONOR CENTER HISTOCOMPATIBILITY TYPING,NUM,CHAR,,,COMPUTED DONOR B1 ANTIGEN,,,,,,,
DB2,DONOR B2 ANTIGEN,CALCULATED,Y,01-Oct-87,,DONOR CENTER HISTOCOMPATIBILITY TYPING,NUM,CHAR,,,COMPUTED DONOR B2 ANTIGEN,,,,,,,
DDR1,DONOR DR1 ANTIGEN,CALCULATED,Y,01-Oct-87,,DONOR CENTER HISTOCOMPATIBILITY TYPING,NUM,CHAR,,,COMPUTED DONOR DR1 ANTIGEN,,,,,,,
DDR2,DONOR DR2 ANTIGEN,CALCULATED,Y,01-Oct-87,,DONOR CENTER HISTOCOMPATIBILITY TYPING,NUM,CHAR,,,COMPUTED DONOR DR2 ANTIGEN,,,,,,,
DISTANCE,MILES FROM DONOR HOSP TO TX CENTER,CALCULATED,Y,,,,NUM,NUM,,,DISTANCE DONOR HOSP TO TX CENTER (MILES),,,,,,,
DONOR_ID,ENCRYPTED DONOR IDENTIFIER,CALCULATED,D,,,,NUM,D,,,ENCRYPTED DONOR IDENTIFIER,,,,,,,
DRMIS,DR Locus MISMATCH LEVEL,CALCULATED,Y,,,,NUM,CHAR,,,DR LOCUS MISMATCH LEVEL,,,,,,,
ECD_DONOR,EXPANDED DONOR PER KIDNEY ALLOCATION DEFINITION 1=YES,CALCULATED,D,1-Apr-94,,,NUM,CHAR,,,Expanded Donor Including Brain Dead and DCD (per Kidney allocation definition):Post 4/1/94,,,,,,,
END_BMI_CALC,Calculated Candidate BMI at Removal/Current Time,CALCULATED,N,,,,NUM,NUM,,,Calculated Candidate BMI at Removal/Current Time,,,,,,,
END_CALC_LAS,REMOVAL/CURRENT CALCULATED LUNG ALLOCATION SCORE,CALCULATED,N,04-May-05,,,NUM,NUM,,,REMOVAL/CURRENT CALCULATED LUNG ALLOCATION SCORE,,,,,,,
END_HGT_CM_CALC,Calculated Candidate Height in CM at Removal/Current Time,CALCULATED,N,,,,NUM,NUM,,,Calculated Candidate Height in CM at Removal/Current Time,,,,,,,
END_MATCH_LAS,REMOVAL/CURRENT LUNG ALLOCATION SCORE AT MATCH TIME,CALCULATED,N,04-May-05,,,NUM,NUM,,,REMOVAL/CURRENT LUNG ALLOCATION SCORE AT MATCH TIME,,,,,,,
END_OPO_CTR_CODE,ENCRYPTED REMOVAL/CURRENT OPO MAPPED FROM LISTING CENTER AND ENDING DATE,CALCULATED,N,,,,CHAR,CHAR,,,,,,,,,,
END_PRIORITY,PEDIATRIC LUNG PRIORITY AT OFFER/TX/REMOVAL/CURRENT TIME,CALCULATED,N,,,,NUM,CHAR,,,,,,,,,,
END_WGT_KG_CALC,Calculated Candidate Weight in KG at Removal/Current Time,CALCULATED,N,,,,NUM,NUM,,,Calculated Candidate Weight in KG at Removal/Current Time,,,,,,,
GSTATUS,GRAFT FAILED (1=YES),CALCULATED,Y,,,,NUM,CHAR,,,"BOOLEAN: PAT_STAT IN(""D"",""R"")",,,,,,,
GTIME,GRAFT LIFESPAN-Days From Transplant to Failure/Death/Last Follow-Up,CALCULATED,Y,,,,NUM,NUM,,,FOLLDATE - TX_DATE,,,,,,,
HGT_CM_CALC,CALCULATED RECIPIENT HEIGHT(cm),CALCULATED,Y,,,,NUM,NUM,,,Calculated Recipient Height (cm),,,,,,,
HGT_CM_DON_CALC,CALCULATED DONOR HEIGHT (CM),CALCULATED,Y,,,,NUM,NUM,,,Calculated Donor Height,,,,,,,
HLAMIS,HLA MISMATCH LEVEL,CALCULATED,Y,,,,NUM,CHAR,,,HLA MISMATCH LEVEL,,,,,,,
INIT_AGE,AGE IN YEARS AT TIME OF LISTING,CALCULATED,Y,01-Oct-87,,,NUM,NUM,,,CALCULATE AGE AT LISTING,,,,,,,
INIT_BMI_CALC,Calculated Candidate BMI at Listing,CALCULATED,Y,,,,NUM,NUM,,,Calculated Candidate BMI at Listing,,,,,,,
INIT_CALC_LAS,INITIAL CALCULATED LUNG ALLOCATION SCORE,CALCULATED,Y,04-May-05,,,NUM,NUM,,,INITIAL CALCULATED LUNG ALLOCATION SCORE,,,,,,,
INIT_HGT_CM_CALC,Calculated Candidate Height in CM at Listing,CALCULATED,Y,,,,NUM,NUM,,,Calculated Candidate Height in CM at Listing,,,,,,,
INIT_MATCH_LAS,INITIAL LUNG ALLOCATION SCORE AT MATCH TIME,CALCULATED,Y,04-May-05,,,NUM,NUM,,,INITIAL LUNG ALLOCATION SCORE AT MATCH TIME,,,,,,,
INIT_OPO_CTR_CODE,ENCRYPTED INITIAL OPO MAPPED FROM LISTING CENTER AND BEGINNING DATE,CALCULATED,Y,,,,CHAR,CHAR,,,,,,,,,,
INIT_PRIORITY,INITIAL PEDIATRIC LUNG PRIORITY,CALCULATED,U,,,,NUM,CHAR,,,,,,,,,,
INIT_WGT_KG_CALC,Calculated Candidate Weight in KG at Listing,CALCULATED,Y,,,,NUM,NUM,,,Calculated Candidate Weight in KG at Listing,,,,,,,
ISCHTIME,ISCHEMIC TIME IN HOURS,CALCULATED,M,,,,NUM,NUM,,,ISCHEMIC TIME (HOURS),,,,,,,
LASTFUNO,LAST FOLLOWUP NUMBER,CALCULATED,D,,,,NUM,Delete,,,LAST FOLLOW-UP NUMBER,,,,,,,
LISTING_CTR_CODE,ENCRYPTED WL LISTING CENTER,CALCULATED,Y,,,,CHAR,CHAR,,,,,,,,,,
LISTYR,ACTUAL YEAR REGISTRANT LISTED (WITHOUT DATE OFFSET),CALCULATED,D,01-Oct-87,,,NUM,D,,,ACTUAL YEAR REGISTRANT LISTED (WITHOUT DATE OFFSET),,,,,,,
LT_ONE_WEEK_DON,Donor Less Than 7 Days Old at Time of Donation,CALCULATED,Y,13-Sep-16,,,CHAR,CHAR,,,,,,,,,,
MALIG_TY,PREVIOUS MALIGNANCY TYPE,CALCULATED,Y,,,,NUM,CHAR,,,CALCULATED: ANY PREVIOUS MALIGNANCY TYPE,,,,,,,
MALIG_TY_OSTXT,PREVIOUS MALIGNANCY TYPE TEXT,CALCULATED,Y,,,,CHAR,CHAR,,,CALCULATED: ANY PREVIOUS MALIGNANCY TEXT,,,,,,,
MULTIORG,MULTI-ORGAN TRANSPLANT,CALCULATED,M,,,,CHAR,CHAR,,,MULTI-ORGAN TRANSPLANT,,,,,,,
O2_REQ_CALC,O2 REQUIREMENT AT REST AT TRR/Offer/Removal/Current Time,CALCULATED,D,,,,NUM,NUM,,,O2 REQUIREMENT AT REST AT TRR/Offer/Removal/Current Time,,,,,,,
OPO_CTR_CODE,ENCRYPTED OPO CENTER CODE,CALCULATED,Y,,,,CHAR,CHAR,,,,,,,,,,
ORGAN,ORGAN TYPE TRANSPLANTED,CALCULATED,Y,,,,CHAR,CHAR,,,Organ Transplanted,,,,,,,
PREV_TX,HISTORY of a PREVIOUS TRANSPLANT INVOLVING EXACT SAME ORGAN AS CURRENT TX,CALCULATED,N,,,,CHAR,CHAR,,,PREVIOUS TRANSPLANT WITH THE SAME ORGAN TYPE,,,,,,,
PRVTXDIF,RECIPIENT DAYS BETWEEN PREVIOUS AND CURRENT TRANSPLANT,CALCULATED,N,,,,NUM,NUM,,,DAYS BETWEEN PREVIOUS AND CURRENT TX,,,,,,,
PT_CODE,ENCRYPTED RECIPIENT IDENTIFIER,CALCULATED,D,,,,NUM,CHAR,,,ENCRYPTED RECIPIENT IDENTIFIER,,,,,,,
PTIME,Patient Survival Time in days (based on composite death date),CALCULATED,D,,,,NUM,NUM,,,Patient Survival Time in days (based on composite death date),,,,,,,
REGION,UNOS REGION WHERE TRANSPLANTED/LISTED,CALCULATED,Y,,,,NUM,CHAR,,,REGION,,,,,,,
RETXDATE,DATE RE-TRANSPLANTED,CALCULATED,D,,,,NUM,D,,,DATE OF RE-TRANSPLANT,,,,,,,
SHARE_TY,ALLOCATION TYPE-LOCAL/REGIONAL/NATIONAL - 3=LOCAL/4=REGIONAL/5=NATIONAL/6=FOREIGN,CALCULATED,Y,,,,NUM,CHAR,,,SHARE TYPE,,,,,,,
TRR_ID_CODE,ENCRYPTED TRANSPLANT IDENTIFIER,CALCULATED,Y,,,,CHAR,CHAR,,,ENCRYPTED TRR_ID,,,,,,,
TRTREJ1Y,TREATED FOR REJECTION WITHIN 1 YEAR,CALCULATED,N,,,,CHAR,CHAR,,,CALCULATED - TREATED FOR REJECTION WITHIN 1 YEAR,,,,,,,
TX_PROCEDUR_TY,RECIPIENT PROCEDURE TYPE - CALCULATED,CALCULATED,M,,,,NUM,CHAR,,,CALCULATED PROCEDURE TYPE,,,,,,,
TX_TYPE,TYPE OF TRANSPLANT,CALCULATED,Y,,,,CHAR,CHAR,,,HR: ORTHO/HETERO; LU: SINGLE/DOUBLE,,,,,,,
TX_YEAR,TRANSPLANT YEAR,CALCULATED,D,,,,NUM,D,,,TRANSPLANT YEAR,,,,,,,
TXHRT,SIMULTANEOUS HEART,CALCULATED,M,,,,CHAR,CHAR,,,SIMULTANEOUS HEART-Y,,,,,,,
TXINT,SIMULTANEOUS INTESTINE,CALCULATED,M,,,,CHAR,CHAR,,,"SIMULTANEOUS INTESTINE - W, S","W-Whole, S-Segment  (This field to determines the type of multi-organ transplant performed) ",,,,,,
TXKID,SIMULTANEOUS KIDNEY,CALCULATED,M,,,,CHAR,CHAR,,,"SIMULTANEOUS KIDNEY - R, L, E","R-Right, L-Left, E-En-Bloc (This field to determines the type of multi-organ transplant performed) ",,,,,,
TXLIV,SIMULTANEOUS LIVER,CALCULATED,M,,,,CHAR,CHAR,,,"SIMULTANEOUS LIVER - W, S","W-Whole, S-Segment/Split  (This field to determines the type of multi-organ transplant performed) ",,,,,,
TXLNG,SIMULTANEOUS LUNG,CALCULATED,M,,,,CHAR,CHAR,,,"SIMULTANEOUS LUNG - R, L, D","R-Right, L-Left, D-Double (This field to determines the type of multi-organ transplant performed) ",,,,,,
TXPAN,SIMULTANEOUS PANCREAS,CALCULATED,M,,,,CHAR,CHAR,,,"SIMULTANEOUS PANCREAS - W, S","W-Whole, S-Segment  (This field to determines the type of multi-organ transplant performed) ",,,,,,
WGT_KG_CALC,CALCULATED RECIPIENT WEIGHT (kg),CALCULATED,Y,,,,NUM,NUM,,,Calculated Recipient Weight (kg),,,,,,,
WGT_KG_DON_CALC,CALCULATED DONOR WEIGHT (KG),CALCULATED,Y,,,,NUM,NUM,,,Calculated Donor Weight,,,,,,,
WL_ID_CODE,ENCRYPTED REGISTRATION IDENTIFIER,CALCULATED,Y,,,,NUM,CHAR,,,ENCRYPTED WL_ID,,,,,,,
WLHL,WAS CANDIDATE LISTED FOR SIMULTANEOUS HEART-LUNG?,CALCULATED,Y,,,,CHAR,CHAR,,,MULTIPLE LISTING W/HEART-LUNG,,,,,,,
WLHR,WAS CANDIDATE LISTED FOR SIMULTANEOUS HEART?,CALCULATED,Y,,,,CHAR,CHAR,,,MULTIPLE LISTING W/HEART,,,,,,,
WLIN,WAS CANDIDATE LISTED FOR SIMULTANEOUS INTESTINE?,CALCULATED,Y,,,,CHAR,CHAR,,,MULTIPLE LISTING W/INTESTINE,,,,,,,
WLKI,WAS CANDIDATE LISTED FOR SIMULTANEOUS KIDNEY?,CALCULATED,Y,,,,CHAR,CHAR,,,MULTIPLE LISTING W/KIDNEY,,,,,,,
WLKP,WAS CANDIDATE LISTED FOR SIMULTANEOUS KIDNEY-PANCREAS?,CALCULATED,Y,,,,CHAR,CHAR,,,MULTIPLE LISTING W/KIDNEY-PANCREAS,,,,,,,
WLLI,WAS CANDIDATE LISTED FOR SIMULTANEOUS LIVER?,CALCULATED,Y,,,,CHAR,CHAR,,,MULTIPLE LISTING W/LIVER,,,,,,,
WLLU,WAS CANDIDATE LISTED FOR SIMULTANEOUS LUNG?,CALCULATED,Y,,,,CHAR,CHAR,,,MULTIPLE LISTING W/LUNG,,,,,,,
WLPA,WAS CANDIDATE LISTED FOR SIMULTANEOUS PANCREAS?,CALCULATED,Y,,,,CHAR,CHAR,,,MULTIPLE LISTING W/PANCREAS,,,,,,,
WLPI,WAS CANDIDATE LISTED FOR SIMULTANEOUS PANCREAS ISLET?,CALCULATED,Y,,,,CHAR,CHAR,,,MULTIPLE LISTING W/PANCREAS ISLET,,,,,,,
LIFE_SUP_TCR,CANDIDATE LIFE SUPPORT @ REGISTRATION,CALCULATED TCR,Y,01-Oct-87,,CANDIDATE INFORMATION,CHAR,CHAR,,,Patient on Life Support (including VAD for HR & HL),,,,,,,
LIFE_SUP_TRR,RECIPIENT LIFE SUPPORT PRE-TRANSPLANT   @ TRANSPLANT,CALCULATED TRR,Y,01-Oct-87,,PATIENT STATUS,CHAR,CHAR,,,TRR PATIENT ON LIFE SUPPORT,,,,,,,
HBV_CORE_DON,DONOR HBV CORE ANTIBODY,CDR/LDR,Y,01-Apr-94,,,CHAR,CHAR,,,DONOR HBV CORE ANTIBODY,,,,,,,
HBV_SUR_ANTIGEN_DON,DONOR HEP B SURFACE ANTIGEN,CDR/LDR,Y,01-Oct-87,,,CHAR,CHAR,,,"CDR,LDR HBV SURFACE ANTIGEN (P,N,ND,U)",,,,,,,
ABN_CONGEN_DON,DDR:Structural Abnormalities //Congenital:,DDR,Y,30-Jun-04,,ORGAN RECOVERY,CHAR,CHAR,,,DDR:Structural Abnormalities //Congenital:,,,,,,,
ABN_LVH_DON,DDR:Structural Abnormalities //LVH:,DDR,Y,30-Jun-04,,ORGAN RECOVERY,CHAR,CHAR,,,DDR:Structural Abnormalities //LVH:,,,,,,,
ABN_VALVES_DON,DDR:Structural Abnormalities //Valves:,DDR,Y,30-Jun-04,,ORGAN RECOVERY,CHAR,CHAR,,,DDR:Structural Abnormalities //Valves:,,,,,,,
ADMIT_DATE_DON,DONOR ADMIT DATE,DDR,D,26-Apr-06,,DONOR INFORMATION,NUM,D,,,DON ADMIT DATE,,,,,,,
BIOPSY_DGN,"BIOPSY PERFORMED: NO, YES MYOCARDITIS, YES NEG. BIOPSY RESULT, YES OTHER DIAG. SPECIFY.",DDR,Y,25-Oct-99,,HEART DONOR'S CARDIAC FUNCTION,NUM,CHAR,,,DON BIOPSY,,,,,,,
BLOOD_INF_CONF_DON,DECEASED DONOR-INFECTION SOURCE BLOOD-CONFIRMED VIA CULTURE,DDR,Y,01-Apr-94,,CLINICAL INFORMATION,CHAR,CHAR,,,DDR INFECTION BLOOD SOURCE-CONFIRMED,,,,,,,
BLOOD_INF_DON,DECEASED DONOR-BLOOD AS INFECTION SOURCE,DDR,Y,01-Apr-94,,CLINICAL INFORMATION,NUM,CHAR,,,DDR INFECTION BLOOD SOURCE,,,,,,,
BRONCHO_LT_DON,DDR LEFT LUNG BRONCHOSCOPY,DDR,Y,25-Oct-99,,ORGAN RECOVERY,NUM,CHAR,,,DDR LEFT LUNG BRONCHOSCOPY,,,,,,,
BRONCHO_RT_DON,DDR RIGHT LUNG BRONCHOSCOPY,DDR,Y,25-Oct-99,,ORGAN RECOVERY,NUM,CHAR,,,DDR RIGHT LUNG BRONCHOSCOPY,,,,,,,
BUN_DON,DECEASED DONOR-TERMINAL BLOOD UREA NITROGEN,DDR,Y,01-Apr-94,,CLINICAL INFORMATION,NUM,NUM,,,DDR TERMINAL BLOOD UREA NITROGEN,,,,,,,
CANCER_FREE_INT_DON,DECEASED DONOR-CANCER FREE INTERVAL (YEARS),DDR,Y,01-Apr-94,,DONOR HISTORY,NUM,NUM,,,DDR CANCER FREE INTERVAL,,,,,,,
CANCER_OTH_OSTXT_DON,DECEASED DONOR-CANCER SITE-OTHER SPECIFY,DDR,Y,01-Apr-94,,DONOR HISTORY,CHAR,CHAR,,,DDR OTHER CANCER SITE SPECIFY,,,,,,,
CANCER_SITE_DON,DECEASED DONOR-CANCER SITE,DDR,Y,01-Apr-94,,DONOR HISTORY,NUM,CHAR,,,DDR CANCER SITE,,,,,,,
CARD_IDX_INIT_DON,DDR:Cardiac Index (initial) //Cardiac Index: (L/min/sq.m),DDR,Y,30-Jun-04,,ORGAN RECOVERY,NUM,NUM,,,DDR:Cardiac Index (initial) //Cardiac Index: (L/min/sq.m),,,,,,,
CARD_IDX_POST_DON,DDR:Cardiac Index (final) //Cardiac Index:,DDR,Y,30-Jun-04,,ORGAN RECOVERY,NUM,NUM,,,DDR:Cardiac Index (final) //Cardiac Index:,,,,,,,
CARDARREST_NEURO,DECEASED DONOR-CARDIAC ARREST POST BRAIN DEATH,DDR,Y,25-Oct-99,,CLINICAL INFORMATION,CHAR,CHAR,,,DON CARDIAC ARR. SINCE EVENT THAT LED TO DECL OF DEATH,,,,,,,
CARDIAC_OUTPUT_CATH_INIT_DON,DDR INITIAL CARDIAC OUTPUT (L/MIN),DDR,Y,30-Jun-04,,ORGAN RECOVERY,NUM,NUM,,,DDR INITIAL CARDIAC OUTPUT (L/MIN),,,,,,,
CARDIAC_OUTPUT_CATH_OLD_DON,ARCHIVED DDR CARDIAC OUTPUT,DDR,Y,25-Oct-99,30-Jun-04,ORGAN RECOVERY,NUM,NUM,,,ARCHIVED DDR CARDIAC OUTPUT,,,,,,,
CARDIAC_OUTPUT_CATH_POST_DON,DDR FINAL CARDIAC OUTPUT (L/MIN),DDR,Y,30-Jun-04,,ORGAN RECOVERY,NUM,NUM,,,DDR FINAL CARDIAC OUTPUT (L/MIN),,,,,,,
CDC_RISK_HIV_DON,"DDR: Per PHS, Does the Donor Have Risk Factors for Blood-Borne Disease Transmission?",DDR,Y,30-Jun-04,,DONOR HISTORY,CHAR,CHAR,,,"DDR: Per PHS, Does the Donor Have Risk Factors for Blood-Borne Disease Transmission?",,,,,,,
CHEST_XRAY_DON,DDR CHEST XRAY,DDR,Y,25-Oct-99,,ORGAN RECOVERY,NUM,CHAR,,,DDR CHEST XRAY,,,,,,,
COD_CAD_DON,DECEASED DONOR-CAUSE OF DEATH,DDR,Y,1-Oct-87,,DONOR INFORMATION,NUM,CHAR,,,DECEASED DONOR CAUSE OF DEATH,,,,,,,
COD_OSTXT_DON,DECEASED DONOR-CAUSE OF DEATH-OTHER SPECIFY,DDR,Y,1-Oct-87,,DONOR INFORMATION,CHAR,CHAR,,,DDR CAUSE OF DEATH OTHER TEXT,,,,,,,
CONTROLLED,NON HEART BEATING DONOR: IF YES CONTROLLED,DDR,Y,01-Apr-94,,ORGAN RECOVERY,CHAR,CHAR,,,DON CONTROLLED,,,,,,,
CORONARY_ANGIO,DECEASED DONOR CORONARY ANGIOGRAM: Y/N IF YES NORMAL: Y/N IF ABNORMAL # VESSELS WITH > 50% STENOSIS,DDR,Y,25-Oct-99,,HEART DONOR'S CARDIAC FUNCTION,NUM,CHAR,,,DON CORONARY ANGIOGRAM,,,,,,,
CREAT_DON,DECEASED DONOR-TERMINAL LAB CREATININE,DDR,Y,01-Apr-94,,CLINICAL INFORMATION,NUM,NUM,,,DDR TERMINAL LAB CREATININE,,,,,,,
CVP_CATH_INIT_DON,DDR CVP CATHETER INIT (MM/HG),DDR,Y,30-Jun-04,,ORGAN RECOVERY,NUM,NUM,,,DDR CVP CATHETER INIT (MM/HG),,,,,,,
CVP_CATH_OLD_DON,ARCHIVED DDR CVP CATHETER,DDR,Y,25-Oct-99,30-Jun-04,ORGAN RECOVERY,NUM,NUM,,,ARCHIVED DDR CVP CATHETER,,,,,,,
CVP_CATH_POST_DON,DDR CVP CATHETER POST (MM/HG),DDR,Y,30-Jun-04,,ORGAN RECOVERY,NUM,NUM,,,DDR CVP CATHETER POST (MM/HG),,,,,,,
DEATH_CIRCUM_DON,DECEASED DONOR-CIRCUMSTANCE OF DEATH,DDR,Y,01-Apr-94,,DONOR INFORMATION,NUM,CHAR,,,DDR CIRCUMSTANCE OF DEATH,,,,,,,
DEATH_MECH_DON,DECEASED DONOR-MECHANISM OF DEATH,DDR,Y,01-Apr-94,,DONOR INFORMATION,NUM,CHAR,,,DDR MECHANISM OF DEATH,,,,,,,
DIABDUR_DON,DECEASED DONOR-DIABETES DURATION,DDR,Y,01-Apr-94,,DONOR HISTORY,NUM,CHAR,,,DDR DIABETES DURATION,UNROLLED FROM HIST_DIABETES_DON TO INCLUDE DURATION ONLY,,,,,,
DIABETES_DON,"DECEASED DONOR-HISTORY OF DIABETES (Y,N)",DDR,Y,01-Apr-94,,DONOR HISTORY,CHAR,CHAR,,,DDR DIABETES (Y/N),UNROLLED Y/N FIELD FROM HIST_DIABETES_DON,,,,,,
DIAST_PA_CATH_INIT_DON,DDR PA CATHETER INIT,DDR,Y,30-Jun-04,,ORGAN RECOVERY,NUM,NUM,,,DDR PA CATHETER INIT,,,,,,,
DIAST_PA_CATH_POST_DON,DDR PA CATHETER FINAL,DDR,Y,30-Jun-04,,ORGAN RECOVERY,NUM,NUM,,,DDR PA CATHETER FINAL,,,,,,,
DIASTOLIC_PA_CATH_OLD_DON,ARCHIVED DDR PA CATHETER DIASTOLIC,DDR,Y,25-Oct-99,30-Jun-04,ORGAN RECOVERY,NUM,NUM,,,ARCHIVED DDR PA CATHETER DIASTOLIC,,,,,,,
EBV_IGG_CAD_DON,DECEASED DONOR EPSTEIN BARR VIRUS BY IGG TEST RESULT,DDR,Y,03-May-06,,CLINICAL INFORMATION,CHAR,CHAR,,,DDR: EBV//IGG,,,,,,,
EBV_IGM_CAD_DON,DECEASED DONOR EPSTEIN BARR VIRUS BY IGM TEST RESULT,DDR,Y,03-May-06,,CLINICAL INFORMATION,CHAR,CHAR,,,DDR: EBV//IGM,,,,,,,
HBSAB_DON,DECEASED DONOR HBSAB TEST RESULT,DDR,Y,3-May-06,,CLINICAL INFORMATION,CHAR,CHAR,,,DDR: HBSAB,,,,,,,
HEMATOCRIT_DON,DDR:Hematocrit:,DDR,Y,30-Jun-04,,CLINICAL INFORMATION,NUM,NUM,,,DDR:Hematocrit:,,,,,,,
HEP_C_ANTI_DON,DECEASED DONOR-ANTIBODY TO HEP C VIRUS RESULT,DDR,Y,01-Apr-94,,CLINICAL INFORMATION,CHAR,CHAR,,,DDR ANTIBODY TO HEP C VIRUS,,,,,,,
HIST_MI,DECEASED DONOR HISTORY OF PREVIOUS MI (MYOCARDIAL INFARCTION),DDR,Y,25-Oct-99,,HEART DONOR'S CARDIAC FUNCTION,CHAR,CHAR,,,DON HISTORY OF PREVIOUS MI,,,,,,,
HYPERTENS_DUR_DON,DECEASED DONOR-HYPERTENSION DURATION,DDR,Y,01-Apr-94,,DONOR HISTORY,NUM,CHAR,,,DDR HYPERTENSION DURATION,,,,,,,
INO_PROCURE_AGENT_1,DECEASED DONOR-INOTROPIC MEDICATION AGENT 1,DDR,Y,27-Jan-03,,CLINICAL INFORMATION,NUM,CHAR,,,"DDR INOTROPIC AGENT 1, AT PROCUREMENT",,,,,,,
INO_PROCURE_AGENT_2,DECEASED DONOR-INOTROPIC MEDICATION AGENT 2,DDR,Y,27-Jan-03,,CLINICAL INFORMATION,NUM,CHAR,,,"DDR INOTROPIC AGENT 2, AT PROCUREMENT",,,,,,,
INO_PROCURE_AGENT_3,DECEASED DONOR-INOTROPIC MEDICATION AGENT 3,DDR,Y,27-Jan-03,,CLINICAL INFORMATION,NUM,CHAR,,,"DDR INOTROPIC AGENT 3, AT PROCUREMENT",,,,,,,
INO_PROCURE_OSTXT_1,"DECEASED DONOR-INOTROPIC MEDICATION AGENT 1, SPECIFY",DDR,Y,27-Jan-03,,CLINICAL INFORMATION,CHAR,CHAR,,,"DDR INOTROPIC AGENT 1 OSTXT, AT PROCUREMENT",,,,,,,
INO_PROCURE_OSTXT_2,"DECEASED DONOR-INOTROPIC MEDICATION AGENT 2, SPECIFY",DDR,Y,27-Jan-03,,CLINICAL INFORMATION,CHAR,CHAR,,,"DDR INOTROPIC AGENT 2 OSTXT, AT PROCUREMENT",,,,,,,
INO_PROCURE_OSTXT_3,"DECEASED DONOR-INOTROPIC MEDICATION AGENT 3, SPECIFY",DDR,Y,27-Jan-03,,CLINICAL INFORMATION,CHAR,CHAR,,,"DDR INOTROPIC AGENT 3 OSTXT, AT PROCUREMENT",,,,,,,
INSULIN_DON,DECEASED DONOR-WAS DONOR GIVEN INSULIN WITHIN 24 HRS PRE CROSS CLAMP?,DDR,Y,30-Jun-04,,CLINICAL INFORMATION,CHAR,CHAR,,,DDR:Insulin:,,,,,,,
INSULIN_DUR_DON,DECEASED DONOR-INSULIN DEPENDENT DIABETES DURATION,DDR,Y,01-Apr-94,,DONOR HISTORY,NUM,CHAR,,,DDR INSULIN DURATION,UNROLLED FROM INSULIN_DUR_DON TO INCLUDE DURATION OF DEPENDENCE,,,,,,
LV_EJECT,DECEASED DONOR LV EJECTION FRACTION %,DDR,Y,25-Oct-99,,HEART DONOR'S CARDIAC FUNCTION,NUM,NUM,,,DON LV EJECTION FRACTION %,,,,,,,
LV_EJECT_METH,"DECEASED DONOR LV EJECTION FRACTION METHOD: ECHO, MUGA, ANGIOGRAM",DDR,Y,25-Oct-99,,HEART DONOR'S CARDIAC FUNCTION,NUM,CHAR,,,DON METHOD,,,,,,,
MAP_INIT_DON,DDR:MAP (initial) //Map: (mm/Hg),DDR,Y,30-Jun-04,,ORGAN RECOVERY,NUM,NUM,,,DDR:MAP (initial) //Map: (mm/Hg),,,,,,,
MAP_POST_DON,DDR:MAP (final) //Map:,DDR,Y,30-Jun-04,,ORGAN RECOVERY,NUM,NUM,,,DDR:MAP (final) //Map:,,,,,,,
NON_HRT_DON,DECEASED DONOR-NON-HEART BEATING DONOR,DDR,Y,1-Apr-94,,ORGAN RECOVERY,CHAR,CHAR,,,DDR NON-HEART BEATING,,,,,,,
OTH_DGN_OSTXT,DECEASED DONOR BIOPSY PERFORMED: YES OTHER DIAG. SPECIFY.,DDR,Y,25-Oct-99,,HEART DONOR'S CARDIAC FUNCTION,CHAR,CHAR,,,DON OTHER DIAGNOSIS/SPECIFY,,,,,,,
OTH_DON_MED1_OSTXT_DON_OLD,DECEASED DONOR OTHER MEDICATIONS1 W/IN 24 HRS PRE-CROSS CLAMP,DDR,Y,01-Apr-94,27-Jan-03,CLINICAL INFORMATION,CHAR,CHAR,,,DDR OTHER MEDICATIONS1 PRE CROSS CLAMP,,,,,,,
OTH_DON_MED2_OSTXT_DON_OLD,DECEASED DONOR OTHER MEDICATIONS2 W/IN 24 HRS PRE-CROSS CLAMP,DDR,Y,01-Apr-94,27-Jan-03,CLINICAL INFORMATION,CHAR,CHAR,,,DDR OTHER MEDICATIONS2 PRE CROSS CLAMP,,,,,,,
OTH_DON_MED3_OSTXT_DON_OLD,DECEASED DONOR OTHER MEDICATIONS3 W/IN 24 HRS PRE-CROSS CLAMP,DDR,Y,01-Apr-94,27-Jan-03,CLINICAL INFORMATION,CHAR,CHAR,,,DDR OTHER MEDICATIONS3 PRE CROSS CLAMP,,,,,,,
OTHER_INF_CONF_DON,DECEASED DONOR INFECTION OTHER SOURCE-CONFIRMED,DDR,Y,01-Apr-94,,CLINICAL INFORMATION,CHAR,CHAR,,,DDR INFECTION OTHER SOURCE-CONFIRMED,,,,,,,
OTHER_INF_DON,DECEASED DONOR INFECTION OTHER SOURCE,DDR,Y,01-Apr-94,,CLINICAL INFORMATION,NUM,CHAR,,,DDR INFECTION OTHER SOURCE,,,,,,,
OTHER_INF_OSTXT_DON,"DECEASED DONOR INFECTION OTHER SOURCE, SPECIFIED",DDR,Y,01-Apr-94,,CLINICAL INFORMATION,CHAR,CHAR,,,DDR INFECTION OTHER SOURCE TEXT,,,,,,,
PCO2_DON,DDR:pCO2:,DDR,Y,30-Jun-04,,ORGAN RECOVERY,NUM,NUM,,,DDR:pCO2:,,,,,,,
PCWP_INIT_DON,DDR PCWP PA CATHETER FINAL (MM/HG),DDR,Y,30-Jun-04,,ORGAN RECOVERY,NUM,NUM,,,DDR PCWP PA CATHETER FINAL (MM/HG),,,,,,,
PCWP_POST_DON,DDR PCWP PA CATHETER FINAL (MM/HG),DDR,Y,30-Jun-04,,ORGAN RECOVERY,NUM,NUM,,,DDR PCWP PA CATHETER FINAL (MM/HG),,,,,,,
PH_DON,DDR:Blood PH:,DDR,Y,30-Jun-04,,CLINICAL INFORMATION,NUM,NUM,,,DDR:Blood PH:,,,,,,,
PO2, DECEASED DONOR PO2 ON 100%,DDR,Y,25-Oct-99,,ORGAN RECOVERY,NUM,NUM,,,DON LUNG PO2 ON 100%,,,,,,,
PO2_DONE_DON,DDR:Lung - Was pO2 done:,DDR,Y,25-Oct-99,,ORGAN RECOVERY,CHAR,CHAR,,,DDR:Lung - Was pO2 done:,,,,,,,
PO2_FIO2_DON,"DDR:Lung pO2 on Fio2 //If Yes, Lung pO2 on FiO2 of:",DDR,Y,25-Oct-99,,ORGAN RECOVERY,NUM,NUM,,,"DDR:Lung pO2 on Fio2 //If Yes, Lung pO2 on FiO2 of:",,,,,,,
PROTEIN_URINE,DECEASED DONOR PROTEIN IN URINE,DDR,Y,25-Oct-99,,CLINICAL INFORMATION,CHAR,CHAR,,,DON PROTEIN IN URINE,,,,,,,
PT_OTH1_OSTXT_DON,DECEASED DONOR-OTHER MEDS B/N BRAIN DEATH W/IN 24 HRS OF PROCUREMENT #1,DDR,Y,01-Apr-94,,CLINICAL INFORMATION,CHAR,CHAR,,,DDR OTHER PRERECOVERY MEDS TEXT,,,,,,,
PT_OTH2_OSTXT_DON,DECEASED DONOR-OTHER MEDS B/N BRAIN DEATH W/IN 24 HRS OF PROCUREMENT #2,DDR,Y,01-Apr-94,,CLINICAL INFORMATION,CHAR,CHAR,,,DDR OTHER PRERECOVERY MEDS TEXT,,,,,,,
PT_OTH3_OSTXT_DON,DECEASED DONOR-OTHER MEDS B/N BRAIN DEATH W/IN 24 HRS OF PROCUREMENT #3,DDR,Y,01-Apr-94,,CLINICAL INFORMATION,CHAR,CHAR,,,DDR OTHER PRERECOVERY MEDS TEXT,,,,,,,
PT_OTH4_OSTXT_DON,DECEASED DONOR-OTHER MEDS B/N BRAIN DEATH W/IN 24 HRS OF PROCUREMENT #4,DDR,Y,01-Apr-94,,CLINICAL INFORMATION,CHAR,CHAR,,,DDR OTHER PRERECOVERY MEDS TEXT,,,,,,,
PULM_CATH_DON,"DDR PA CATH (Y,N)",DDR,Y,25-Oct-99,,ORGAN RECOVERY,CHAR,CHAR,,,"DDR PA CATH (Y,N)",,,,,,,
PULM_INF_CONF_DON,DECEASED DONOR-INFECTION PULMONARY SOURCE-CONFIRMED,DDR,Y,01-Apr-94,,CLINICAL INFORMATION,CHAR,CHAR,,,DDR PULMONARY INFECTION CONFIRMED,,,,,,,
PULM_INF_DON,DECEASED DONOR-INFECTION PULMONARY SOURCE,DDR,Y,01-Apr-94,,CLINICAL INFORMATION,NUM,D,,,DDR PULMONARY INFECTION,,,,,,,
REFERRAL_DATE,DATE OF REFERRAL CALL,DDR,D,01-Apr-94,,PROVIDER INFORMATION,NUM,D,,,DDR DATE OF REFERRAL CALL,,,,,,,
RESUSCIT_DUR,DECEASED DONOR-RESUSCITATION FOLLOWING CARDIAC ARREST POST BRAIN DEATH,DDR,Y,25-Oct-99,,CLINICAL INFORMATION,NUM,NUM,,,DON DURATION OF RESUSCITATION,,,,,,,
SGOT_DON,DECEASED DONOR-TERMINAL SGOT/AST,DDR,Y,01-Apr-94,,CLINICAL INFORMATION,NUM,NUM,,,DDR TERMINAL LAB SGOT/AST,,,,,,,
SGPT_DON,DECEASED DONOR-TERMINAL SGPT/ALT,DDR,Y,01-Apr-94,,CLINICAL INFORMATION,NUM,NUM,,,DDR TERMINAL LAB SGPT/ALT,,,,,,,
SVR_INIT_DON,DDR:SVR (initial) //SVR: (dynes/sec/cm)^5),DDR,Y,30-Jun-04,,ORGAN RECOVERY,NUM,NUM,,,DDR:SVR (initial) //SVR: (dynes/sec/cm)^5),,,,,,,
SVR_POST_DON,DDR:SVR (final) //SVR:,DDR,Y,30-Jun-04,,ORGAN RECOVERY,NUM,NUM,,,DDR:SVR (final) //SVR:,,,,,,,
SYST_PA_CATH_INIT_DON,DDR PA CATHETER INIT (MM/HG),DDR,Y,30-Jun-04,,ORGAN RECOVERY,NUM,NUM,,,DDR PA CATHETER INIT (MM/HG),,,,,,,
SYST_PA_CATH_POST_DON,DDR PA CATHETER FINAL (MM/HG),DDR,Y,30-Jun-04,,ORGAN RECOVERY,NUM,NUM,,,DDR PA CATHETER FINAL (MM/HG),,,,,,,
SYSTOLIC_PA_CATH_OLD_DON,ARCHIVED DDR PA SYSTOLIC,DDR,Y,25-Oct-99,30-Jun-04,ORGAN RECOVERY,NUM,NUM,,,ARCHIVED DDR PA SYSTOLIC,,,,,,,
TATTOOS,DECEASED DONOR-TATOOS,DDR,Y,25-Oct-99,,DONOR HISTORY,CHAR,CHAR,,,DON TATTOOS,,,,,,,
TBILI_DON,DECEASED DONOR-TERMINAL TOTAL BILIRUBIN,DDR,Y,01-Apr-94,,CLINICAL INFORMATION,NUM,NUM,,,DDR TERMINAL LAB BILIRUBIN,,,,,,,
TRANSFUS_INTRAOP_NUM_OLD_DON,ARCHIVED DDR TRANSFUSION UNITS INTRAOPERATIVELY,DDR,Y,25-Oct-99,30-Jun-04,CLINICAL INFORMATION,NUM,NUM,,,ARCHIVED DDR TRANSFUSION UNITS INTRAOPERATIVELY,,,,,,,
TRANSFUS_PRIOR_NUM_OLD_DON,ARCHIVED DDR TRANSUFISION UNITS PRE-OPERATIVELY,DDR,Y,25-Oct-99,30-Jun-04,CLINICAL INFORMATION,NUM,NUM,,,ARCHIVED DDR TRANSUFISION UNITS PRE-OPERATIVELY,,,,,,,
TRANSFUS_TERM_DON,DDR:Number of transfusions during this (terminal) hospitalization:,DDR,N,30-Jun-04,,CLINICAL INFORMATION,NUM,NUM,,,DDR:Number of transfusions during this (terminal) hospitalization:,,,,,,,
URINE_INF_CONF_DON,DECEASED DONOR-INFECTION URINE SOURCE-CONFIRMED,DDR,Y,01-Apr-94,,CLINICAL INFORMATION,CHAR,CHAR,,,DDR INFECTION URINE SOURCE-CONFIRMED,,,,,,,
URINE_INF_DON,DECEASED DONOR-INFECTION URINE SOURCE,DDR,Y,01-Apr-94,,CLINICAL INFORMATION,NUM,CHAR,,,DDR INFECTION URINE SOURCE,,,,,,,
VDRL_DON,DECEASED DONOR-RPR-VDRL RESULT,DDR,Y,01-Oct-87,,CLINICAL INFORMATION,CHAR,CHAR,,,DDR RPR-VDRL SEROLOGY,,,,,,,
VESSELS_50STEN,"DECEASED DONOR CORONARY ANGIOGRAM: IF YES NORMAL: # VESSELS WITH > 50% STENOSIS 1,2 OR 3 ",DDR,Y,25-Oct-99,,HEART DONOR'S CARDIAC FUNCTION,NUM,NUM,,,"DON IF ABNORMAL, # OF VESSELS WITH > 50% STENOSIS",,,,,,,
WALL_ABN_GLOB_DON,"DDR GLOBAL WALL ABNORMALITIES (Y,N)",DDR,Y,25-Oct-99,,ORGAN RECOVERY,CHAR,CHAR,,,"DDR GLOBAL WALL ABNORMALITIES (Y,N)",,,,,,,
WALL_ABN_SEG_DON,"DDR SEGMENTAL WALL ABNORMALITIES (Y,N)",DDR,Y,25-Oct-99,,ORGAN RECOVERY,CHAR,CHAR,,,"DDR SEGMENTAL WALL ABNORMALITIES (Y,N)",,,,,,,
RECOVERY_DATE_DON,ORGAN RECOVERY DATE,DDR / LDR,N,01-Oct-87,,ORGAN RECOVERY,NUM,D,,,RECOVERY DATE (SENT TO OR),,,,,,,
CITIZENSHIP_DON,DONOR CITIZENSHIP,DDR/LDR,Y,01-Oct-87,,DONOR INFORMATION,NUM,CHAR,,,DR CITIZENSHIP,,,,,,,
GENDER_DON,DONOR GENDER,DDR/LDR,Y,01-Oct-87,,DONOR INFORMATION,CHAR,CHAR,,,DR GENDER,,,,,,,
AGE_DON,DONOR AGE (YRS),DDR/LDR-CALCULATED,Y,01-Oct-87,,DONOR INFORMATION,NUM,NUM,,,DONOR AGE (YRS),,,,,,,
ETHCAT_DON,DONOR ETHNICITY CATEGORY,DDR/LDR-CALCULATED,Y,,,DONOR INFORMATION,NUM,CHAR,,,DONOR ETHNICITY CATEGORY,Check to see if this matters,,,,,,
COD_LIV_DON,LIVING DONOR CAUSE OF DEATH,LDF,N,25-Oct-99,,PATIENT STATUS,NUM,CHAR,,,LIVING DONOR CAUSE OF DEATH,,,,,,,
CMV_OLD_LIV_DON,LIV DONOR CMV -SEROLOGY (PRE 10/25/99 DATA),LDR,Y,01-Oct-90,25-Oct-99,,CHAR,CHAR,,,"LDR CMV READONLY (P,N,ND,U)",,,,,,,
EDUCATION_DON,LIVING DONOR-HIGHEST LEVEL OF EDUCATION,LDR,Y,25-Oct-99,,DONOR INFORMATION,NUM,CHAR,,,DON HIGHEST EDUCATION LEVEL,Check to see if this matters,,,,,,
HBV_DNA_DON,LIVING DONOR HBV DNA,LDR,Y,01-Apr-94,,,CHAR,CHAR,,,"LDR HBV DNA (P,N,ND,U)",,,,,,,
HCV_RNA_DON,LIVING DONOR HEP C RNA,LDR,N,01-Apr-94,,,CHAR,CHAR,,,"LDR HCV RNA (P,N,ND,U)",,,,,,,
LIV_DON_TY,LIVING DONOR RELATION TO RECIPIENT,LDR,Y,01-Apr-94,,DONOR INFORMATION,NUM,CHAR,,,LDR LIVING DONOR TYPE,See Main Documentation tab for more information about Living Donor Lung Transplants and LIVING DONOR for LIV_DON_TY_OSTXT field,,,,,,
RECOV_COUNTRY,COUNTRY OF ORGAN RECOVERY IF NOT U.S.,LDR,Y,25-Oct-99,,ORGAN RECOVERY,CHAR,CHAR,,,DON SPECIFY COUNTRY,,,,,,,
RECOV_OUT_US,ORGAN RECOVERED OUTSIDE U.S.,LDR,Y,25-Oct-99,,ORGAN RECOVERY,CHAR,CHAR,,,DON RECOVERED OUTSIDE THE U.S.,,,,,,,
CPRA,Recipient Most Recent CPRA,RH,Y,31-Mar-15,,CLINICAL INFORMATION,NUM,NUM,,,RH Most Recent CPRA,,,,,,,
CPRA_PEAK,RecipientPeak CPRA,RH,Y,31-Mar-15,,CLINICAL INFORMATION,NUM,NUM,,,RH Peak CPRA,,,,,,,
CRSMATCH_DONE,CROSSMATCH DONE Y/N,RH,Y,01-Apr-94,,TEST INFORMATION,CHAR,CHAR,,,RH CROSS MATCH DONE?,,,,,,,
DON_RETYP,DECEASED DONOR-RETYPED AT TX CENTER,RH,Y,01-Oct-87,,TEST INFORMATION,CHAR,CHAR,,,RH DONOR RETYPED AT YOUR CENTER,,,,,,,
PRAMR,RECIPIENT MOST RECENT PRA% @ TRANSPLANT,RH,Y,01-Oct-87,29-Jun-04,PANEL REACTIVE ANTIBODY(%PRA),NUM,NUM,,,RH MOST RECENT PRA PERCENT: PRE 6/30/2004,,,,,,,
PRAMR_CL1,RECIPIENT MOST RECENT PRA% CLASS I @ TRANSPLANT ,RH,Y,30-Jun-04,31-Mar-15,RECIPIENT HLA TYPING,NUM,NUM,,,TRR RECIPIENT MOST RECENT PRA% CLASS I,,,,,,,
PRAMR_CL2,RECIPIENT MOST RECENT PRA% CLASS II @ TRANSPLANT ,RH,Y,30-Jun-04,31-Mar-15,RECIPIENT HLA TYPING,NUM,NUM,,,TRR RECIPIENT MOST RECENT PRA% CLASS II,,,,,,,
PRAPK,RECIPIENT PEAK PRA% @ TRANSPLANT,RH,Y,01-Oct-87,29-Jun-04,PANEL REACTIVE ANTIBODY(%PRA),NUM,NUM,,,RH PEAK PRA PERCENT: PRE 6/30/2004,,,,,,,
PRAPK_CL1,RECIPIENT PEAK PRA% CLASS I @ TRANSPLANT ,RH,Y,30-Jun-04,31-Mar-15,RECIPIENT HLA TYPING,NUM,NUM,,,TRR RECIPIENT PEAK PRA% CLASS I,,,,,,,
PRAPK_CL2,RECIPIENT PEAK PRA% CLASS II @ TRANSPLANT ,RH,Y,30-Jun-04,31-Mar-15,RECIPIENT HLA TYPING,NUM,NUM,,,TRR RECIPIENT PEAK PRA% CLASS II,,,,,,,
RA1,RECIPIENT A1 ANTIGEN,RH,Y,01-Oct-87,,RECIPIENT HLA TYPING,NUM,CHAR,,,Computed Recipient A1 Antigen,,,,,,,
RA2,RECIPIENT A2 ANTIGEN,RH,Y,01-Oct-87,,RECIPIENT HLA TYPING,NUM,CHAR,,,Computed Recipient A2 Antigen,,,,,,,
RB1,RECIPIENT B1 ANTIGEN,RH,Y,01-Oct-87,,RECIPIENT HLA TYPING,NUM,CHAR,,,Computed Recipient B1 Antigen  ,,,,,,,
RB2,RECIPIENT B2 ANTIGEN,RH,Y,01-Oct-87,,RECIPIENT HLA TYPING,NUM,CHAR,,,Computed Recipient B2 Antigen  ,,,,,,,
RDR1,RECIPIENT DR1 ANTIGEN,RH,Y,01-Oct-87,,RECIPIENT HLA TYPING,NUM,CHAR,,,Computed Recipient DR1 Antigen  ,,,,,,,
RDR2,RECIPIENT DR2 ANTIGEN,RH,Y,01-Oct-87,,RECIPIENT HLA TYPING,NUM,CHAR,,,Computed Recipient DR2 Antigen  ,,,,,,,
ABO,RECIPIENT BLOOD GROUP @ REGISTRATION,TCR,Y,01-Oct-87,,CLINICAL INFORMATION,CHAR,CHAR,Z (I think this is fetal),,TCR ABO BLOOD GROUP,,,,,,,
ACADEMIC_LEVEL_TCR,ACADEMIC ACTIVITY LEVEL AT LISTING,TCR,Y,30-Jun-04,,CANDIDATE INFORMATION,NUM,CHAR,,,TCR ACADEMIC ACTIVITY LEVEL,,,,,,,
ACADEMIC_PRG_TCR,ACADEMIC PROGRESS AT LISTING,TCR,Y,30-Jun-04,,CANDIDATE INFORMATION,NUM,CHAR,,,TCR ACADEMIC PROGRESS,,,,,,,
BMI_TCR,BMI AT LISTING,TCR,Y,30-Jun-04,,CLINICAL INFORMATION AT LISTING,NUM,NUM,,,TCR BMI,,,,,,,
CEREB_VASC,PATIENT SYMPTOMATIC CEREBROVASCULAR DISEASE @ REGISTRATION,TCR,Y,01-Apr-94,01-Jan-07,CLINICAL INFORMATION,CHAR,CHAR,,,TCR CEREBROVASCULAR DISEASE,,,,,,,
CIG_GRT_10_OLD,HISTORY OF CIGARETTE USE >10 PACK YEARS @ REGISTRATION,TCR,Y,25-Oct-99,30-Jun-04,CLINICAL INFORMATION,CHAR,CHAR,,,TCR HISTORY OF CIGARETTE USE GREATER THAN 10,"ONLY COLLECTED ON THE HEART AND HEART-LUNG TCR, NOT COLLECTED ON LU TCR.",,,,,,
CIG_USE,HISTORY OF CIGARETTE USE,TCR,Y,30-Jun-04,,CLINICAL INFORMATION,CHAR,CHAR,,,TCR HISTORY OF CIGARETTE USE,,,,,,,
CITIZEN_COUNTRY,CANDIDATE COUNTRY OF PERMANENT RESIDENCE @ REGISTRATION,TCR,Y,31-Mar-15,,CANDIDATE INFORMATION,CHAR,CHAR,,,TCR Country of Permanent Residence,,,,,,,
CITIZENSHIP,RECIPIENT CITIZENSHIP @ REGISTRATION,TCR,Y,01-Oct-87,,CANDIDATE INFORMATION,NUM,CHAR,,,TCR CITIZENSHIP,,,,,,,
COD_OSTXT_WL,"WL CANDIDATE CAUSE OF DEATH FOR DEATH REMOVAL, OTHER SPECIFIED",TCR,Y,03-Dec-03,,,CHAR,CHAR,,,"WL CANDIDATE CAUSE OF DEATH FOR DEATH REMOVAL, OTHER SPECIFIED",,,,,,,
COD_WL,CANDIDATE CAUSE OF DEATH FOR DEATH REMOVAL,TCR,Y,03-Dec-03,,,NUM,CHAR,,,WL CANDIDATE CAUSE OF DEATH FOR DEATH REMOVAL,,,,,,,
DIAB,RECIPIENT DIABETES @ REGISTRATION,TCR,Y,01-Apr-94,,CLINICAL INFORMATION,NUM,CHAR,,,TCR DIABETES,,,,,,,
DIAL_TY_TCR,PATIENT TYPE OF DIALYSIS @ REGISTRATION,TCR,Y,01-Apr-94,01-Jan-07,CLINICAL INFORMATION,NUM,CHAR,,,TCR DIALYSIS,,,,,,,
ECMO_TCR,PATIENT ON LIFE SUPPORT - ECMO @ REGISTRATION,TCR,Y,01-Apr-95,,CANDIDATE INFORMATION,NUM,CHAR,,,TCR LIFE SUPPORT ECMO,,,,,,,
ETHNICITY,RECIPIENT ETHNICITY (HISPANIC VS. NON-HISPANIC),TCR,Y,01-Apr-94,,CANDIDATE INFORMATION,NUM,CHAR,,,TCR ETHNICITY,Check to see if this matters,,,,,,
EXERCISE_O2,EXERCISE OXYGEN CONSUMPTION ML/MIN/KG @ REGISTRATION,TCR,Y,25-Oct-99,,CLINICAL INFORMATION,NUM,CHAR,,,TCR EXERCISE OXYGEN CONSUMPTION,,,,,,,
FUNC_STAT_TCR,RECIPIENT FUNCTIONAL STATUS @ REGISTRATION,TCR,Y,01-Apr-94,,CANDIDATE INFORMATION,NUM,CHAR,,,TCR FUNCTIONAL STATUS @ LISTING,,,,,,,
GENDER,RECIPIENT GENDER,TCR,Y,01-Oct-87,,CANDIDATE INFORMATION,CHAR,CHAR,,,TCR RECIPIENT GENDER,,,,,,,
HEMO_CO_TCR,MOST RECENT HEMODYNAMICS CO L/MIN @ REGISTRATION,TCR,Y,01-Apr-94,,CLINICAL INFORMATION,NUM,NUM,,,TCR CO L/MIN,BOTH BEST AND BASELINE COLLECTED BETWEEN 04/01/1994 AND 10/25/1999. AFTER 10/25/1999 ONE VALUE COLLECTED.,,,,,,
HEMO_PA_DIA_TCR,MOST RECENT HEMODYNAMICS PA (DIA) MM/HG @ REGISTRATION,TCR,Y,01-Apr-94,,CLINICAL INFORMATION,NUM,NUM,,,TCR PA(DIA) MM/HG,BOTH BEST AND BASELINE COLLECTED BETWEEN 04/01/1994 AND 10/25/1999. AFTER 10/25/1999 ONE VALUE COLLECTED.,,,,,,
HEMO_PA_MN_TCR,MOST RECENT HEMODYNAMICS PA (MEAN) MM/HG @ REGISTRATION,TCR,Y,01-Apr-94,,CLINICAL INFORMATION,NUM,NUM,,,TCR PA(MEAN) MM/HG,BOTH BEST AND BASELINE COLLECTED BETWEEN 04/01/1994 AND 10/25/1999. AFTER 10/25/1999 ONE VALUE COLLECTED.,,,,,,
HEMO_PCW_TCR,MOST RECENT HEMODYNAMICS PCW (MEAN) MM/HG @ REGISTRATION,TCR,Y,01-Apr-94,,CLINICAL INFORMATION,NUM,NUM,,,TCR PCW(MEAN) MM/HG,BOTH BEST AND BASELINE COLLECTED BETWEEN 04/01/1994 AND 10/25/1999. AFTER 10/25/1999 ONE VALUE COLLECTED.,,,,,,
HEMO_SYS_TCR,MOST RECENT HEMODYNAMICS PA (SYS) MM/HG @ REGISTRATION,TCR,Y,01-Apr-94,,CLINICAL INFORMATION,NUM,NUM,,,TCR PA(SYS) MM/HG,BOTH BEST AND BASELINE COLLECTED BETWEEN 04/01/1994 AND 10/25/1999. AFTER 10/25/1999 ONE VALUE COLLECTED.,,,,,,
HGT_CM_TCR,RECIPIENT HEIGHT @ REGISTRATION,TCR,Y,01-Oct-87,,CLINICAL INFORMATION,NUM,NUM,,,TCR HEIGHT (CM) AT TIME OF LISTING,,,,,,,
IABP_TCR,PATIENT ON LIFE SUPPORT - IABP @ REGISTRATION,TCR,Y,01-Apr-94,,CANDIDATE INFORMATION,NUM,CHAR,,,TCR LIFE SUPPORT IABP,,,,,,,
IMPL_DEFIBRIL,IMPLANTABLE DEFIBRILLATOR Y/N/U @ REGISTRATION,TCR,Y,01-Apr-94,,CLINICAL INFORMATION,CHAR,CHAR,,,TCR IMPLANTABLE DEFIBRILLATOR,,,,,,,
INHALED_NO_TCR,TCR Patient on Life Support://Inhaled NO,TCR,Y,30-Jun-04,,CANDIDATE INFORMATION,NUM,CHAR,,,TCR Life Support: INHALED_NO,,,,,,,
INOTROP_VASO_CO_TCR,MOST RECENT CO L/MIN INOTROPES/VASODILATORS YES/NO AT LISTING,TCR,Y,30-Jun-04,,HEART/LUNG MEDICAL FACTORS,CHAR,CHAR,,,TCR MOST RECENT CO L/MIN INOTROPES/VASODILATORS YES/NO AT LISTING,,,,,,,
INOTROP_VASO_DIA_TCR,MOST RECENT PA (DIA) MM/HG INOTROPES/VAOSDILATORS YES/NO AT LISTING,TCR,Y,30-Jun-04,,HEART/LUNG MEDICAL FACTORS,CHAR,CHAR,,,TCR MOST RECENT PA (DIA) L/MIN INOTROPES/VASODILATORS YES/NO AT LISTING,,,,,,,
INOTROP_VASO_MN_TCR,MOST RECENT PA (MEAN) MM/HG INOTROPES/VASODILATORS YES/NO AT LISTING,TCR,Y,30-Jun-04,,HEART/LUNG MEDICAL FACTORS,CHAR,CHAR,,,TCR MOST RECENT PA (MEAN) L/MIN INOTROPES/VASODILATORS YES/NO AT LISTING,,,,,,,
INOTROP_VASO_PCW_TCR,MOST RECENT PCW (MEAN) MM/HG INOTROPES/VASODILATORS YES/NO AT LISTING,TCR,Y,30-Jun-04,,HEART/LUNG MEDICAL FACTORS,CHAR,CHAR,,,TCR MOST RECENT PCW (MEAN) L/MIN INOTROPES/VASODILATORS YES/NO AT LISTING,,,,,,,
INOTROP_VASO_SYS_TCR,Most Recent PA (sys) mm/Hg   Inotropes/Vasodilators YES/NO AT LISTING,TCR,Y,25-Oct-99,,HEART/LUNG MEDICAL FACTORS,CHAR,CHAR,,,TCR PA (SYS) MM/HG  INOTROPES/VASODILATORS,,,,,,,
INOTROPES_TCR,IV INOTROPES @ REGISTRATION,TCR,Y,01-Apr-94,,CANDIDATE INFORMATION,NUM,CHAR,,,TCR LIFE SUPPORT IV INOTROPES,,,,,,,
MALIG_TCR,ANY PREVIOUS MALIGNANCY (EXCLUDE NON-MELANOMA SKIN CANCER) @ REGISTRATION,TCR,Y,01-Apr-94,,CLINICAL INFORMATION,CHAR,CHAR,,,TCR ANY PREVIOUS MALIGNANCY,,,,,,,
MALIG_TY_OSTXT_TCR,TCR MALIGNANCY TYPE TEXT,TCR,Y,,,,CHAR,CHAR,,,TCR Previous Malignancy Type - Other Specified,,,,,,,
MALIG_TY_TCR,TYPE OF PREVIOUS MALIGNANCY,TCR,Y,,,,NUM,CHAR,,,TCR Previous Malignancy Type,,,,,,,
MOST_RCNT_CREAT,PATIENT MOST RECENT ABSOLUTE CREATININE AT LISTING,TCR,Y,25-Oct-99,01-Jan-07,CLINICAL INFORMATION,NUM,NUM,,,TCR MOST RECENT CREAT.,Collection ended 1/1/07 for Lung (see INIT_CREAT & END_CREAT instead) ,,,,,,
OTH_LIFE_SUP_OSTXT_TCR,OTHER MECHANISM OF LIFE SUPPORT SPECIFY TEXT @ REGISTRATION,TCR,Y,01-Apr-94,,CANDIDATE INFORMATION,CHAR,CHAR,,,TCR LIFE SUPPORT OTHER (SPECIFY),,,,,,,
OTH_LIFE_SUP_TCR,"OTHER MECHANISM OF LIFE Y/N, 1=Y @ REGISTRATION",TCR,Y,01-Apr-94,,CANDIDATE INFORMATION,NUM,CHAR,,,TCR LIFE SUPPORT OTHER,,,,,,,
PGE_TCR,PATIENT ON LIFE SUPPORT: PGE @ REGISTRATION,TCR,Y,01-Apr-95,30-Jun-04,CANDIDATE INFORMATION,NUM,CHAR,,,TCR LIFE SUPPORT PGE,,,,,,,
PRI_PAYMENT_CTRY_TCR,RECIPIENT FOREIGN GOV'T AS PROJECTED SECONDARY PAYMENT TYPE @ REGISTRATION,TCR,Y,01-Apr-94,,CANDIDATE INFORMATION,CHAR,CHAR,,,TCR OTHER GOVT'PAYMENT TEXT,,,,,,,
PRI_PAYMENT_TCR,RECIPIENT PRIMARY PROJECTED PAYMENT TYPE @ REGISTRATION,TCR,Y,01-Apr-94,,CANDIDATE INFORMATION,NUM,CHAR,,,TCR PRIMARY PROJECTED SOURCE PAY,,,,,,,
PRIOR_CARD_SURG_TCR,TCR PRIOR CARDIAC SURGERY AT LISTING (NON-TRANSPLANT),TCR,Y,30-Jun-04,,CLINICAL INFORMATION,CHAR,CHAR,,,TCR PRIOR CARDIAC SURGERY (NON-TRANSPLANT),,,,,,,
PRIOR_CARD_SURG_TYPE_OSTXT_TCR,TCR PRIOR CARDIAC SURGERY TYPE OTHER SPECIFIED  AT LISTING (NON-TRANSPLANT),TCR,Y,30-Jun-04,,PRETRANSPLANT CLINICAL INFORMATION,CHAR,CHAR,,,TCR Prior Cardiac Surgery Type: Other Specified,,,,,,,
PRIOR_CARD_SURG_TYPE_TCR,TRR PRIOR CARDIAC SURGERY TYPE AT LISTING (NON-TRANSPLANT),TCR,Y,30-Jun-04,,PRETRANSPLANT CLINICAL INFORMATION,CHAR,CHAR,,,TCR Prior Cardiac Surgery Type ,,,,,,,
PROS_INFUS_TCR,TCR CANDIDATE PROSTACYCLIN INFUSION,TCR,Y,,,,NUM,CHAR,,,TCR Prostacyclin Infusion,,,,,,,
PROSTACYCLIN_TCR,TCR CANDIDATE PROSTACYCLIN INHALATION,TCR,Y,,,,NUM,CHAR,,,TCR Prostacyclin Inhalation,,,,,,,
RESIST_INF,PAN-RESISTANT BACTERIAL INFECTION @ REGISTRATION,TCR,Y,01-Apr-94,,CLINICAL INFORMATION,CHAR,CHAR,,,TCR LUNG PAN-RESISTANT BACTERIAL INFECT,,,,,,,
SUD_DEATH,HEART MEDICAL FACTORS: SUDDEN DEATH (pre 1/1/2007 for adult patients),TCR,Y,01-Apr-94,,CLINICAL INFORMATION,CHAR,CHAR,,,TCR HEART SUDDEN DEATH (Pre 1/1/2007 for adult),,,,,,,
TCR_CDC_GROWTH_BMI,CANDIDATE CDC BMI PERCENTILE AT LISTING,TCR,Y,30-Jun-04,,CLINICAL INFORMATION,NUM,NUM,,,TCR PEDIATRIC GROWTH PERCENTILE: BMI,,,,,,,
TCR_CDC_GROWTH_HGT,CANDIDATE CDC HGT PERCENTILE AT LISTING,TCR,Y,30-Jun-04,,CLINICAL INFORMATION,NUM,NUM,,,TCR PEDIATRIC GROWTH PERCENTILE: HGT,,,,,,,
TCR_CDC_GROWTH_WGT,CANDIDATE CDC WGT PERCENTILE AT LISTING,TCR,Y,30-Jun-04,,CLINICAL INFORMATION,NUM,NUM,,,TCR PEDIATRIC GROWTH PERCENTILE: WGT,,,,,,,
TCR_DGN,CANDIDATE DIAGNOSIS AT LISTING,TCR,Y,01-Apr-94,,CLINICAL INFORMATION,NUM,CHAR,,,TCR PRIMARY DIAGNOSIS AT LISTING,,,,,,,
TCR_DGN_OSTXT,CANDIDATE TEXT OF OTHER SPECIFY DIAGNOSIS AT LISTING,TCR,Y,01-Apr-94,,CLINICAL INFORMATION,CHAR,CHAR,,,"TCR PRIMARY DIAGNOSIS/TEXT OF OTHER, SPECIFY",,,,,,,
TCR_DUR_ABSTAIN,DURATION OF ABSTINENCE FOR CIGARETTE USE,TCR,Y,30-Jun-04,,CANDIDATE INFORMATION,NUM,CHAR,,,TCR DURATION OF ABSTINENCE FOR CIGARETTE USE,,,,,,,
TOT_SERUM_ALBUM,PATIENT TOTAL SERUM ALBUMIN  @ REGISTRATION (pre 1/1/2007 for adult),TCR,Y,25-Oct-99,,CLINICAL INFORMATION,NUM,NUM,,,TCR TOTAL SERUM ALBUMIN AT LISTING (Pre 1/1/2007 for adult),,,,,,,
VAD_BRAND1_OSTXT_TCR,CANDIDATE TEXT OF VAD BRAND 1 AT LISTING,TCR,Y,30-Jun-04,,CANDIDATE INFORMATION,CHAR,CHAR,,,TCR LVAD BRAND: OTHER SPECIFIED,,,,,,,
VAD_DEVICE_TY_TCR,CANDIDATE TYPE OF VAD DEVICE AT LISTING,TCR,Y,30-Jun-04,,CANDIDATE INFORMATION,NUM,CHAR,,,TCR PATIENT ON VENTRICULAR ASSIST DEVICE TYPE,,,,,,,
VAD_TAH_TCR,CANDIDATE ON LIFE SUPPORT - VAD/TAH @ REGISTRATION,TCR,Y,1-Apr-94,30-Jun-04,CANDIDATE INFORMATION,NUM,CHAR,,,VAD_TAH,,,,,,,
VENTILATOR_TCR,PATIENT ON LIFE SUPPORT - VENTILATOR @ REGISTRATION,TCR,Y,01-Apr-94,,CANDIDATE INFORMATION,NUM,CHAR,,,TCR LIFE SUPPORT VENTILATOR,,,,,,,
WGT_KG_TCR,RECIPIENT WEIGHT (kg) @ REGISTRATION,TCR,Y,01-Oct-87,,CLINICAL INFORMATION,NUM,NUM,,,TCR WEIGHT (KG) AT TIME OF LISTING,,,,,,,
WORK_INCOME_TCR,WORK FOR INCOME AT REGISTRATION?,TCR,Y,30-Jun-04,,CANDIDATE INFORMATION,CHAR,CHAR,,,TCR WORKING FOR INCOME,,,,,,,
YR_ENTRY_US_TCR,YEAR OF ENTRY TO THE U.S.,TCR,Y,30-Jun-04,,CANDIDATE INFORMATION,CHAR,CHAR,,,TCR YEAR OF ENTRY TO THE U.S.,,,,,,,
ETHCAT,RECIPIENT ETHNICITY CATEGORY,TCR-CALCULATED,Y,,,CANDIDATE INFORMATION,NUM,CHAR,,,RECIPIENT ETHNICITY CATEGORY,,,,,,,
GROUPING,LU/HL DIAGNOSIS GROUPING ON WL(ON THORACIC_DGN/TCR_TGN/TRR_DGN),TCR/TRR,Y,,,,CHAR,CHAR,,,LU/HL DIAGNOSIS GROUPING ON WL(ON THORACIC_DGN/TCR_TGN/TRR_DGN),,,,,,,
FUNC_STAT_TRF,RECIPIENT FUNCTIONAL STATUS-MOST RECENT AT FOLLOW-UP,TRF,N,01-Apr-97,,PATIENT STATUS AT TIME OF FOLLOW-UP,NUM,CHAR,,,FUNCTIONAL STATUS AT MOST RECENT FOLLOW-UP,,,,,,,
COD_OSTXT,RECIPIENT PRIMARY CAUSE OF DEATH - OTHER SPECIFY,TRF/TRR,D,01-Oct-87,,PATIENT STATUS,CHAR,CHAR,,,TRR/TRF PRIMARY CAUSE OF DEATH TEXT,,,,,,,
COD2_OSTXT,RECIPIENT CONTRIBUTARY CAUSE OF DEATH 1- OTHER SPECIFY,TRF/TRR,D,30-Jun-04,,PATIENT STATUS,CHAR,CHAR,x,,TRR/TRF CONTRIBUTARY CAUSE OF DEATH:1 TEXT,,,,,,,
COD3_OSTXT,RECIPIENT CONTRIBUTARY CAUSE OF DEATH 2- OTHER SPECIFY,TRF/TRR,D,30-Jun-04,,PATIENT STATUS,CHAR,CHAR,,,TRR/TRF CONTRIBUTARY CAUSE OF DEATH:2 TEXT,,,,,,,
ACADEMIC_LEVEL_TRR,ACADEMIC ACTIVITY LEVEL AT TRANSPLANT,TRR,N,30-Jun-04,,PATIENT STATUS,NUM,CHAR,,,TRR ACADEMIC ACTIVITY LEVEL,,,,,,,
ACADEMIC_PRG_TRR,ACADEMIC PROGRESS AT TRANSPLANT,TRR,N,30-Jun-04,,PATIENT STATUS,NUM,CHAR,,,TRR ACADEMIC PROGRESS,,,,,,,
ACUTE_REJ_EPI,DID RECIPIENT HAVE ANY ACUTE REJECTION EPISODES PRE DISCHARGE?,TRR,N,30-Jun-04,,POST TRANSPLANT CLINICAL INFORMATION,NUM,NUM,,,ACUTE REJECTION EPISODE,,,,,,,
CMV_IGM,RECIPIENT-CMV BY IGM TEST RESULT  @ TRANSPLANT,TRR,N,25-Oct-99,31-Mar-15,PRETRANSPLANT CLINICAL INFORMATION,CHAR,CHAR,,,TRR CMV BY IGM: PRE 3/31/2015,,,,,,,
COGNITIVE_DEV_TRR,TRR COGNITIVE DEVELOPMENT (PEDIATRIC),TRR,N,1-Mar-08,,PATIENT STATUS,NUM,CHAR,,,TRR COGNITIVE DEVELOPMENT,,,,,,,
CREAT_TRR,RECIPIENT SERUM CREATININE AT TIME OF TX,TRR,N,01-Apr-94,,PRETRANSPLANT CLINICAL INFORMATION,NUM,NUM,,,TRR SERUM CREATININE AT TIME OF TRANSPLANT,,,,,,,
DISCHARGE_DATE,RECIPIENT DISCHARGE DATE FROM TX CENTER,TRR,D,01-Apr-94,,PATIENT STATUS,NUM,D,,,TRR DATE OF DISCHARGE FROM TX CENTER,,,,,,,
DON_TY,DONOR TYPE - DECEASED OR LIVING,TRR,Y,01-Oct-87,,DONOR INFORMATION,CHAR,CHAR,,,DONOR TYPE - DECEASED OR LIVING,,,,,,,
ECMO_TRR,PATIENT ON LIFE SUPPORT - ECMO @ TRANSPLANT,TRR,N,01-Apr-95,,PATIENT STATUS,NUM,CHAR,,,TRR ECMO,,,,,,,
FEV1_TRR,PULMONARY STATUS: FEV1 % PREDICTED @ TRANSPLANT,TRR,N,01-Oct-90,,PRETRANSPLANT CLINICAL INFORMATION,NUM,NUM,,,TRR FEV1 %,,,,,,,
FIO2_72HOURS,Recipient FiO2 at 72 Hours,TRR,N,31-Mar-15,,CLINICAL INFORMATION,CHAR,CHAR,,,TRR FiO2 at 72 Hours,,,,,,,
FUNC_STAT_TRR,RECIPIENT FUNCTIONAL STATUS @TRANSPLANT,TRR,N,01-Apr-94,,PATIENT STATUS,NUM,CHAR,,,TRR FUNCTIONAL STATUS @ TRANSPLANT,,,,,,,
FVC_TRR,PULMONARY STATUS: FVC % PREDICTED @ TRANSPLANT,TRR,N,01-Oct-90,,PRETRANSPLANT CLINICAL INFORMATION,NUM,NUM,,,TRR FVC %,,,,,,,
HEMO_CO_TRR,MOST RECENT HEMODYNAMICS CO L/MIN @ TRANSPLANT,TRR,N,01-Apr-94,,PRETRANSPLANT CLINICAL INFORMATION,NUM,NUM,,,TRR CO L/MIN,BOTH BEST AND BASELINE COLLECTED BETWEEN 04/01/1994 AND 10/25/1999. AFTER 10/25/1999 ONE VALUE COLLECTED.,,,,,,
HEMO_PA_DIA_TRR,MOST RECENT HEMODYNAMICS PA (DIA) MM/HG @ TRANSPLANT,TRR,N,01-Apr-94,,PRETRANSPLANT CLINICAL INFORMATION,NUM,NUM,,,TRR PA(DIA) MM/HG,BOTH BEST AND BASELINE COLLECTED BETWEEN 04/01/1994 AND 10/25/1999. AFTER 10/25/1999 ONE VALUE COLLECTED.,,,,,,
HEMO_PA_MN_TRR,MOST RECENT HEMODYNAMICS PA (MEAN) MM/HG @ TRANSPLANT,TRR,N,01-Apr-94,,PRETRANSPLANT CLINICAL INFORMATION,NUM,NUM,,,TRR PA(MEAN) MM/HG,BOTH BEST AND BASELINE COLLECTED BETWEEN 04/01/1994 AND 10/25/1999. AFTER 10/25/1999 ONE VALUE COLLECTED.,,,,,,
HEMO_PCW_TRR,MOST RECENT HEMODYNAMICS PCW (MEAN) MM/HG @ TRANSPLANT,TRR,N,01-Apr-94,,PRETRANSPLANT CLINICAL INFORMATION,NUM,NUM,,,TRR PCW(MEAN) MM/HG,BOTH BEST AND BASELINE COLLECTED BETWEEN 04/01/1994 AND 10/25/1999. AFTER 10/25/1999 ONE VALUE COLLECTED.,,,,,,
HEMO_SYS_TRR,MOST RECENT HEMODYNAMICS PA (SYS) MM/HG @ TRANSPLANT,TRR,N,01-Apr-94,,PRETRANSPLANT CLINICAL INFORMATION,NUM,NUM,,,TRR PA(SYS) MM/HG,BOTH BEST AND BASELINE COLLECTED BETWEEN 04/01/1994 AND 10/25/1999. AFTER 10/25/1999 ONE VALUE COLLECTED.,,,,,,
IABP_TRR,PATIENT ON LIFE SUPPORT - IABP @ TRANSPLANT,TRR,N,01-Oct-87,,PATIENT STATUS,NUM,CHAR,,,TRR IABP,,,,,,,
INHALED_NO_TRR,TRR Patient on Life Support://Inhaled NO,TRR,N,,,PATIENT STATUS,NUM,CHAR,,,TRR Life Support: INHALED_NO,,,,,,,
INOTROP_VASO_CO_TRR,TRR CARDIAC OUTPUT MEASUREMENT OBTAINED WHILE ON INOTROPES OR VASODILATERS Y/N ,TRR,N,25-Oct-99,,PRETRANSPLANT CLINICAL INFORMATION,CHAR,CHAR,,,TRR CARDIAC OUTPUT MEASUREMENT OBTAINED WHILE ON INOTROPES OR VASODILATERS Y/N ,,,,,,,
INOTROP_VASO_DIA_TRR,TRR DIASTOLIC MEASUREMENT OBTAINED WHILE ON INOTROPES OR VASODILATERS Y/N ,TRR,N,26-Oct-99,,PRETRANSPLANT CLINICAL INFORMATION,CHAR,CHAR,,,TRR DIASTOLIC MEASUREMENT OBTAINED WHILE ON INOTROPES OR VASODILATERS Y/N ,,,,,,,
INOTROP_VASO_MN_TRR,TRR MEAN PULMONARY ARTERY MEASUREMENT OBTAINED WHILE ON INOTROPES OR VASODILATERS Y/N ,TRR,N,27-Oct-99,,PRETRANSPLANT CLINICAL INFORMATION,CHAR,CHAR,,,TRR MEAN PULMONARY ARTERY MEASUREMENT OBTAINED WHILE ON INOTROPES OR VASODILATERS Y/N ,,,,,,,
INOTROP_VASO_PCW_TRR,TRR MEAN PULMONARY CAPILLARY WEDGE MEASUREMENT OBTAINED WHILE ON INOTROPES OR VASODILATERS Y/N ,TRR,N,28-Oct-99,,PRETRANSPLANT CLINICAL INFORMATION,CHAR,CHAR,,,TRR MEAN PULMONARY CAPILLARY WEDGE MEASUREMENT OBTAINED WHILE ON INOTROPES OR VASODILATERS Y/N ,,,,,,,
INOTROP_VASO_SYS_TRR,TRR SYSTOLIC MEASUREMENT OBTAINED WHILE ON INOTROPES OR VASODILATERS Y/N,TRR,N,29-Oct-99,,PRETRANSPLANT CLINICAL INFORMATION,CHAR,CHAR,,,TRR SYSTOLIC MEASUREMENT OBTAINED WHILE ON INOTROPES OR VASODILATERS Y/N,,,,,,,
INOTROPES_TRR,IV INOTROPES @ TRANSPLANT,TRR,N,01-Apr-94,,PATIENT STATUS,NUM,CHAR,,,TRR LIFE SUPPORT IV INOTROPES,,,,,,,
MALIG_TY_OSTXT_TRR,TRR MALIGNANCY TYPE TEXT,TRR,N,30-Jun-04,31-Mar-15,PRETRANSPLANT CLINICAL INFORMATION,CHAR,CHAR,,,TRR MALIG. TYPE TEXT: PRE 3/31/2015,,,,,,,
MALIG_TY_TRR,TYPE OF MALIGNANCY BETWEEN LISTING AND TRANSPLANT,TRR,N,30-Jun-04,31-Mar-15,PRETRANSPLANT CLINICAL INFORMATION,NUM,CHAR,,,TRR MALIG TYPE: PRE 3/31/2015,,,,,,,
MEASUREMENT_DATE_TRR,TRR MEASUREMENT DATE (PEDIATRIC),TRR,D,1-Mar-08,,PRETRANSPLANT CLINICAL INFORMATION,NUM,D,,,TRR DATE OF MEASUREMENT,,,,,,,
MED_COND_TRR,RECIPIENT MEDICAL CONDITION PRE-TRANSPLANT   @ TRANSPLANT,TRR,Y,01-Oct-87,,PATIENT STATUS,NUM,CHAR,,,TRR MEDICAL CONDITION,,,,,,,
MOTOR_DEV_TRR,TRR MOTOR DEVELOPMENT (PEDIATRIC),TRR,N,1-Mar-08,,PATIENT STATUS,NUM,CHAR,,,TRR MOTOR DEVELOPMENT,,,,,,,
OTH_LIFE_SUP_OSTXT_TRR,OTHER MECHANISM OF LIFE SUPPORT SPECIFY TEXT @ TRANSPLANT,TRR,N,01-Oct-90,,PATIENT STATUS,CHAR,CHAR,,,TRR OTHER LIFE SUPPORT (SPECIFY),,,,,,,
OTH_LIFE_SUP_TRR,"OTHER MECHANISM OF LIFE Y/N, 1=Y @ TRANSPLANT",TRR,N,01-Oct-90,,PATIENT STATUS,NUM,CHAR,,,TRR OTHER LIFE SUPPORT,,,,,,,
PAO2_72HOURS,Recipient PaO2 at 72 Hours,TRR,N,31-Mar-15,,CLINICAL INFORMATION,CHAR,CHAR,,,TRR PaO2 at 72 Hours,,,,,,,
PCO2_TRR,PULMONARY STATUS: PCO2 MM/HG @ TRANSPLANT,TRR,N,01-Apr-94,,PRETRANSPLANT CLINICAL INFORMATION,NUM,NUM,,,TRR PCO2 MM/HG,,,,,,,
PGE_TRR,PATIENT ON LIFE SUPPORT: PGE @ TRANSPLANT,TRR,N,01-Apr-95,,PATIENT STATUS,NUM,CHAR,,,TRR PGE,,,,,,,
POST_TX_VENT_SUPPORT,RECIPIENT VENTILATOR SUPPORT POST TRANSPLANT,TRR,N,30-Jun-04,,POST TRANSPLANT CLINICAL INFORMATION,NUM,CHAR,,,TRR Ventilator Support,,,,,,,
PRI_PAYMENT_CTRY_TRR,RECIPIENT FOREIGN GOV'T AS SECONDARY PAYMENT SOURCE @ TRANSPLANT,TRR,N,01-Apr-94,,PATIENT STATUS,CHAR,CHAR,,,TRR PRIMARY/SPECIFY,,,,,,,
PRI_PAYMENT_TRR,RECIPIENT PRIMARY PAYMENT SOURCE @ TRANSPLANT,TRR,N,01-Apr-94,,PATIENT STATUS,NUM,CHAR,,,TRR PRIMARY SOURCE OF PAYMENT,,,,,,,
PRIOR_CARD_SURG_TYPE_OSTXT_TRR,TRR CARDIAC SURGERY TYPE OTHER SPECIFIED BETWEEN LISTING AND TRANSPLANT (NON-TRANSPLANT),TRR,Y,30-Jun-04,,PRETRANSPLANT CLINICAL INFORMATION,CHAR,CHAR,,,TRR CARDIAC SURGERY TYPE TEXT BETWEEN LISTING AND TRANSPLANT (NON-TRANSPLANT),,,,,,,
PRIOR_CARD_SURG_TYPE_TRR,TRR CARDIAC SURGERY TYPE BETWEEN LISTING AND TRANSPLANT (NON-TRANSPLANT),TRR,Y,30-Jun-04,,PRETRANSPLANT CLINICAL INFORMATION,CHAR,CHAR,,,TRR CARDIAC SURGERY TYPE BETWEEN LISTING AND TRANSPLANT (NON-TRANSPLANT),,,,,,,
PRIOR_LUNG_SURG_TYPE_OSTXT_TRR,TRR LUNG SURGERY TYPE OTHER SPECIFIED BETWEEN LISTING AND TRANSPLANT (NON-TRANSPLANT),TRR,Y,30-Jun-04,,PRETRANSPLANT CLINICAL INFORMATION,CHAR,CHAR,,,TRR LUNG SURGERY TYPE TEXT BETWEEN LISTING AND TRANSPLANT (NON-TRANSPLANT),,,,,,,
PRIOR_LUNG_SURG_TYPE_TRR,TRR LUNG SURGERY TYPE BETWEEN LISTING AND TRANSPLANT (NON-TRANSPLANT),TRR,Y,25-Oct-99,,PRETRANSPLANT CLINICAL INFORMATION,CHAR,CHAR,,,TRR LUNG SURGERY TYPE BETWEEN LISTING AND TRANSPLANT (NON-TRANSPLANT),,,,,,,
PROC_TY_HR,PROCEDURE TYPE FOR HEART ONLY,TRR,D,25-Oct-99,,TRANSPLANT CLINICAL INFORMATION,NUM,CHAR,,,TRR PROCEDURE INFORMATION (HEART ONLY),,,,,,,
PROS_INFUS_TRR,TRR RECIPIENT PROSTACYCLIN INFUSION,TRR,N,,,PATIENT STATUS,NUM,CHAR,,,TRR Life Support PROSTACYCLIN INFUSION,,,,,,,
PROSTACYCLIN_TRR,TRR RECIPIENT PROSTACYCLIN INHALATION,TRR,N,30-Jun-04,,PATIENT STATUS,NUM,CHAR,,,TRR Life Support PROSTACYCLIN INHALATION,,,,,,,
TBILI,MOST RECENT SERUM TOTAL BILIRUBIN @ TRANSPLANT,TRR,N,01-Apr-94,,PRETRANSPLANT CLINICAL INFORMATION,NUM,NUM,,,TRR TOTAL BILIRUBIN MG/DL,,,,,,,
TX_DATE,TRANSPLANT DATE,TRR,Y,01-Oct-87,,RECIPIENT INFORMATION,NUM,D,,,TRR TRANSPLANT DATE,,,,,,,
VAD_BRAND1_OSTXT_TRR,TRR LIFE SUPPORT VAD BRAND 1 OTHER SPECIFED TEXT,TRR,N,30-Jun-04,,PATIENT STATUS,CHAR,CHAR,,,TRR VAD BRAND 1 TEXT,,,,,,,
VAD_DEVICE_TY_TRR,TRR VAD DEVICE TYPE,TRR,N,30-Jun-04,,PATIENT STATUS,NUM,CHAR,,,TRR VAD DEVICE TYPE,,,,,,,
VAD_TAH_OSTXT_TRR,"RECIPIENT ON LIFE SUPPORT - VAD/TAH @ TRANSPLANT, OTHER SPECIFY ",TRR,N,1-Apr-94,30-Jun-04,PATIENT STATUS,CHAR,CHAR,,,TRR VAD OTHER SPECIFY,,,,,,,
VAD_TAH_TRR,RECIPIENT ON LIFE SUPPORT - VAD/TAH @ TRANSPLANT,TRR,N,1-Apr-94,30-Jun-04,PATIENT STATUS,NUM,CHAR,,,TRR VAD,,,,,,,
VENT_SUPPORT_AFTER_LIST,EVENTS OCCURRING BETWEEN LISTING AND TRANSPLANT: EPISODE OF VENTILATORY SUPPORT,TRR,Y,25-Oct-99,,PRETRANSPLANT CLINICAL INFORMATION,CHAR,CHAR,,,TRR EPISODE OF VENTILATORY SUPPORT SINCE LISTING,,,,,,,
VENT_TIMEFRAME_TRR,TRR MOST RECENT VENT SUPPORT TIMEFRAME,TRR,N,,,,NUM,CHAR,,,TRR MOST RECENT VENT SUPPORT TIMEFRAME,,,,,,,
VENTILATOR_TRR,PATIENT ON LIFE SUPPORT - VENTILATOR @ TRANSPLANT,TRR,N,01-Oct-87,,PATIENT STATUS,NUM,CHAR,,,TRR LIFE SUPPORT VENTILATOR,,,,,,,
AGE,RECIPIENT AGE (YRS),TRR-CALCULATED,Y,01-Oct-87,,RECIPIENT INFORMATION,NUM,NUM,,,RECIPIENT AGE,,,,,,,
LOS,RECIPIENT LENGTH OF STAY POST TX,TRR-CALCULATED,N,25-Oct-99,,"PATIENT STATUS(PRIORITY KIDNEY,THEN PANCREAS TRR)",NUM,NUM,,,LENGTH OF STAY TX TO DISCHARGE - POST UNET,,,,,,,
GRF_FAIL_CAUSE_OSTXT,CAUSE OF GRAFT FAILURE OTHER SPECIFIED TEXT,TRR/TRF,N,1-Mar-08,,CLINICAL INFORMATION,CHAR,CHAR,,,Cause of Graft Failure - Other Specification,,,,,,,
GRF_FAIL_CAUSE,CAUSE OF GRAFT FAILURE,TRR/TRF ,N,30-Jun-04,,CLINICAL INFORMATION,NUM,CHAR,,,CAUSE OF GRAFT FAILURE,,,,,,,
GRF_FAIL_DATE,DATE OF GRAFT FAILURE,TRR/TRF ,N,30-Jun-04,,CLINICAL INFORMATION,NUM,CHAR,,,DATE OF GRAFT FAILURE,,,,,,,
GRF_STAT,GRAFT STATUS,TRR/TRF ,N,30-Jun-04,,CLINICAL INFORMATION,CHAR,CHAR,,,GRAFT STATUS,,,,,,,
COMPOSITE_DEATH_DATE,Composite Patient Death Date from OPTN or Verified from External Sources,TRR/TRF-CALCULATED,N,,,,NUM,D,,,Composite Patient Death Date from OPTN or Verified from External Sources,,,,,,,
PSTATUS,"Boolean Most Recent Patient Status (based on composite death date) (1=Dead, 0=Alive)",TRR/TRF-CALCULATED,N,01-Oct-87,,PATIENT STATUS,NUM,CHAR,,,Boolean Most Recent Patient Status (based on composite death date) ,,,,,,,
PX_STAT,"RECIPIENT STATUS(Died, ReTX, Lost, Alive)",TRR/TRF-CALCULATED,N,01-Oct-87,,PATIENT STATUS,CHAR,CHAR,,,"PAT/GRF STATUS: DIED, RETX, LOST, ALIVE",,,,,,,
PX_STAT_DATE,RECIPIENT STATUS DATE,TRR/TRF-CALCULATED,N,02-Oct-87,,PATIENT STATUS,NUM,D,,,"DATE OF DEATH, RE-TX OR LAST FOLLOW-UP",,,,,,,
DIAG,RECIPIENT PRIMARY DIAGNOSIS,TRR>TCR,Y,01-Oct-87,,PATIENT STATUS/CLINICAL INFORMATION,NUM,CHAR,,,THORACIC DIAGNOSIS FROM TRR/TCR," THIS FIELD DRAWS FROM ""AT TRANSPLANT"" AND IF NOT THERE THEN FROM TCR.",,,,,,
DIAG_OSTXT,RECIPIENT PRIMARY DIAGNOSIS SPECIFIED @ TRANSPLANT,TRR>TCR,Y,01-Oct-87,,PATIENT STATUS/CLINICAL INFORMATION,CHAR,CHAR,,,THORACIC DIAGNOSIS AT TX (TEXT),,,,,,,
END_STAT,CANDIDATE STATUS AT TRANSPLANT OFFER/REMOVALCURRENT TIME,TRR>TCR,N,01-Jan-90,,WAITING LIST DATA,NUM,CHAR,,,WAITING LIST STATUS CODE AT TRANSPLANT,,,,,,,
ACTIVATE_DATE,ALLOCATION TIME BEGINNING DATE,WAITING LIST DATA,N,01-Oct-87,,WAITING LIST DATA,NUM,D,,,WL LISTING BACK DATE,,,,,,,
DEATH_DATE,"DATE DIED, FOR PATIENT REMOVED FROM THE WAITING LIST FOR REASON OF DEATH",WAITING LIST DATA,N,25-Oct-99,,WAITING LIST DATA,NUM,D,,,WL DATE OF DEATH/POST 10/25/99 REMOVALS,,,,,,,
END_BLU_FLG,LUNG PREFERENCE AT REMOVAL/CURRENT TIME/ TCR - BOTH (1=Y),WAITING LIST DATA,Y,01-Mar-95,,WAITING LIST DATA,NUM,CHAR,,,LUNG PREFERENCE AT REMOVAL/CURRENT TIME/ TCR - BOTH (1=Y),,,,,,,
END_CREAT,"Serum Creatinine at TRR/Offer/Removal/Current Time (HL, LU only) ",WAITING LIST DATA,Y,,,WAITING LIST DATA,NUM,NUM,,,Serum Creatinine at TRR/Offer/Removal/Current Time,"(HL, LU only) Since May 4, 2005 collected on waitlist as LAS calculation, prior was collected on TCR",,,,,,
END_DATE,"EARLIEST OF DATES OF REMOVAL FROM WAITING LIST, TRANSPLANT, DEATH, OR TIME COPY OF DATA CREATED",WAITING LIST DATA,N,01-Oct-87,,WAITING LIST DATA,NUM,D,,,ENDING DATE FOR REGISTRATION,"IF PATIENT TRANSPLANTED OR DIED, BUT WAS REMOVED AFTER THE EVENT, END_DATE IS BACKDATED TO GIVE THE DATE OF EVENT",,,,,,
END_LLU_FLG,LUNG PREFERENCE AT REMOVAL/CURRENT TIME/ TCR - LEFT (1=Y),WAITING LIST DATA,Y,01-Mar-95,,WAITING LIST DATA,NUM,CHAR,,,LUNG PREFERENCE AT REMOVAL/CURRENT TIME/ TCR - LEFT (1=Y),,,,,,,
END_O2,O2 Requirement at Rest at TRR/Offer/Removal/Current Time,WAITING LIST DATA,Y,,,WAITING LIST DATA,NUM,NUM,,,O2 Requirement at Rest at TRR/Offer/Removal/Current Time,,,,,,,
END_RLU_FLG,LUNG PREFERENCE AT REMOVAL/CURRENT TIME/ TCR - RIGHT (1=Y),WAITING LIST DATA,Y,01-Mar-95,,WAITING LIST DATA,NUM,CHAR,,,LUNG PREFERENCE AT REMOVAL/CURRENT TIME/ TCR - RIGHT (1=Y),,,,,,,
INIT_BLU_FLG,LUNG PREFERENCE AT LISTING - BOTH (1=Y),WAITING LIST DATA,Y,01-Mar-95,,WAITING LIST DATA,NUM,NUM,,,LUNG PREFERENCE AT LISTING - BOTH (1=Y),,,,,,,
INIT_CREAT,"Serum Creatinine at TCR/Listing (HL, LU only) ",WAITING LIST DATA,Y,,,WAITING LIST DATA,NUM,NUM,,,Serum Creatinine at TCR/Listing,"(HL, LU only) Since May 4, 2005 collected on waitlist as LAS calculation, prior was collected on TCR",,,,,,
INIT_DATE,BEGINNING DATE FOR REGISTRATION,WAITING LIST DATA,Y,01-Oct-87,,WAITING LIST DATA,NUM,D,,,BEGINNING DATE FOR REGISTRATION,,,,,,,
INIT_LLU_FLG,LUNG PREFERENCE AT LISTING - LEFT (1=Y),WAITING LIST DATA,Y,01-Mar-95,,WAITING LIST DATA,NUM,CHAR,,,LUNG PREFERENCE AT LISTING - LEFT (1=Y),,,,,,,
INIT_O2,O2 Requirement at Rest at TCR/Listing,WAITING LIST DATA,Y,,,WAITING LIST DATA,NUM,NUM,,,O2 Requirement at Rest at TCR/Listing,,,,,,,
INIT_RLU_FLG,LUNG PREFERENCE AT LISTING - RIGHT (1=Y),WAITING LIST DATA,Y,01-Mar-95,,WAITING LIST DATA,NUM,CHAR,,,LUNG PREFERENCE AT LISTING - RIGHT (1=Y),,,,,,,
INIT_STAT,INITIAL WAITING LIST STATUS CODE,WAITING LIST DATA,Y,01-Jan-90,,WAITING LIST DATA,NUM,CHAR,,,INITIAL WAITING LIST STATUS CODE,,,,,,,
NUM_PREV_TX,THE NUMBER OF PREVIOUS TRANSPLANTS,WAITING LIST DATA,Y,01-Oct-87,,WAITING LIST DATA,NUM,NUM,,,NUMBER PREVIOUS TX,,,,,,,
REM_CD,REASON FOR REMOVAL FROM THE WAITING LIST,WAITING LIST DATA,Y,01-Oct-87,,WAITING LIST DATA,NUM,CHAR,,,LISTING REMOVAL CODE,THIS IS MISSING IF PATIENT IS STILL WAITING AT TIME DATASET CREATED,,,,,,
ICU,CANDIDATE IN ICU,WL,Y,,,WAITING LIST DATA,CHAR,CHAR,,,WL CANDIDATE IN ICU,,,,,,,
INHALED_NO,CANDIDATE INHALED NO,WL,Y,,,WAITING LIST DATA,NUM,CHAR,,,TCR INHALED NO,,,,,,,
INOTROPIC,WL CANDIDATE ON INOTROPIC DRUGS,WL,Y,,,WAITING LIST DATA,CHAR,CHAR,,,WL CANDIDATE ON INOTROPIC DRUGS,,,,,,,
INUTERO,WL CANDIDATE IS INUTERO PATIENT?,WL,Y,30-Jun-04,,WAITING LIST DATA,CHAR,CHAR,,,WL CANDIDATE IS INUTERO PATIENT?,,,,,,,
ONVENT,WL CANDIDATE ON VENTILATOR,WL,Y,,,WAITING LIST DATA,CHAR,CHAR,,,WL CANDIDATE ON VENTILATOR,,,,,,,
TAH,CANDIDATE HAS TOTAL ARTIFICIAL HEART?,WL,Y,30-Jun-04,,WAITING LIST DATA,CHAR,CHAR,,,WL CANDIDATE HAS TOTAL ARTIFCIAL HEART?,,,,,,,
TXED,CANDIDATE RECEIVED DECEASED DONOR TRANSPLANT? 1=YES,WL,Y,,,WAITING LIST DATA,NUM,CHAR,,,CANDIDATE REMOVED FOR DECEASED DONOR TRANSPLANT (0/1),,,,,,,
VAS,WL CANDIDATE ON VENTRICULAR ASSIST DEVICE TYPE,WL,Y,,,WAITING LIST DATA,CHAR,CHAR,,,WL CANDIDATE ON VENTRICULAR ASSIST,,,,,,,
LVAD_AT_LISTING,LVAD AT LISTING,WL DATA,Y,,,,NUM,CHAR,,,LVAD AT LISTING,,,,,,,
LVAD_WHILE_LISTED,LVAD IMPLANTED DURING LISTING,WL DATA,Y,,,,NUM,CHAR,,,LVAD IMPLANTED DURING LISTING,,,,,,,
RVAD_AT_LISTING,RVAD AT LISTING,WL DATA,Y,,,,NUM,CHAR,,,RVAD AT LISTING,,,,,,,
RVAD_WHILE_LISTED,RVAD IMPLANTED DURING LISTING,WL DATA,Y,,,,NUM,CHAR,,,RVAD IMPLANTED DURING LISTING,,,,,,,
THORACIC_DGN,Waitlist CANDIDATE DIAGNOSIS,WL DATA,Y,,,,NUM,CHAR,,,WL Thoracic Diagnosis,,,,,,,
TRANSPLANT_COUNTRY,COUNTRY OF TRANSPLANT FOR RECEIVING A TRANSPLANT IN ANOTHER COUNTRY,WL DATA,Y,,,,NUM,CHAR,,,WL Country of Transplant for Receiving a Transplant in Another Country,,,,,,,
VAD_AT_LISTING,VAD (TYPE UNKNOWN) AT LISTING,WL DATA,Y,,,,NUM,CHAR,,,VAD (TYPE UNKNOWN) AT LISTING,,,,,,,
VAD_WHILE_LISTED,VAD (TYPE UNKNOWN) IMPLANTED DURING LISTING,WL DATA,Y,,,,NUM,CHAR,,,VAD (TYPE UNKNOWN) IMPLANTED DURING LISTING,,,,,,,
WL_ORG,ORGAN LISTED FOR,WL DATA,Y,01-Oct-87,,,CHAR,CHAR,,,WL Desired Organ,,,,,,,
LAST_INACT_REASON,Candidate Reason for Last Inactive Status,,N,,,,NUM,CHAR,,,Candidate Reason for Last Inactive Status,,,,,,,
SSDMF_DEATH_DATE,SOCIAL SECURITY DEATH MASTER FILE DEATH DATE,,D,,,,NUM,D,,,SSDMF DEATH DATE,,,,,,,
